Tick:,ID:,Tweeted:,TweetCount:,Followers:,Influence: 1.0,Quality: 1.0,Frequency: 0.0
1,99,false,0,0
2,99,false,0,0
3,99,false,0,0
4,99,false,0,0
5,99,false,0,0
6,99,false,0,0
7,99,false,0,0
8,99,false,0,0
9,99,false,0,0
10,99,false,0,0
11,99,false,0,0
12,99,false,0,0
13,99,false,0,0
14,99,false,0,0
15,99,false,0,0
16,99,false,0,0
17,99,false,0,0
18,99,false,0,0
19,99,false,0,0
20,99,false,0,0
21,99,false,0,0
22,99,false,0,0
23,99,false,0,0
24,99,false,0,0
25,99,false,0,0
26,99,false,0,1
27,99,false,0,1
28,99,false,0,1
29,99,false,0,1
30,99,false,0,1
31,99,false,0,1
32,99,false,0,1
33,99,false,0,1
34,99,false,0,1
35,99,false,0,0
36,99,false,0,0
37,99,false,0,0
38,99,false,0,0
39,99,false,0,0
40,99,false,0,0
41,99,false,0,0
42,99,false,0,0
43,99,false,0,1
44,99,false,0,1
45,99,false,0,1
46,99,false,0,2
47,99,false,0,1
48,99,false,0,1
49,99,false,0,1
50,99,false,0,1
51,99,false,0,1
52,99,false,0,1
53,99,false,0,1
54,99,false,0,0
55,99,false,0,1
56,99,false,0,1
57,99,false,0,1
58,99,false,0,1
59,99,false,0,1
60,99,false,0,1
61,99,false,0,1
62,99,false,0,2
63,99,false,0,2
64,99,false,0,1
65,99,false,0,1
66,99,false,0,1
67,99,false,0,1
68,99,false,0,1
69,99,false,0,0
70,99,false,0,0
71,99,false,0,0
72,99,false,0,0
73,99,false,0,0
74,99,false,0,0
75,99,false,0,0
76,99,false,0,0
77,99,false,0,0
78,99,false,0,0
79,99,false,0,0
80,99,false,0,1
81,99,false,0,1
82,99,false,0,1
83,99,false,0,2
84,99,false,0,2
85,99,false,0,2
86,99,false,0,2
87,99,false,0,3
88,99,false,0,3
89,99,false,0,3
90,99,false,0,3
91,99,false,0,3
92,99,false,0,3
93,99,false,0,3
94,99,false,0,3
95,99,false,0,3
96,99,false,0,3
97,99,false,0,3
98,99,false,0,3
99,99,false,0,3
100,99,false,0,3
101,99,false,0,3
102,99,false,0,3
103,99,false,0,3
104,99,false,0,2
105,99,false,0,2
106,99,false,0,1
107,99,false,0,1
108,99,false,0,1
109,99,false,0,1
110,99,false,0,1
111,99,false,0,1
112,99,false,0,1
113,99,false,0,1
114,99,false,0,1
115,99,false,0,1
116,99,false,0,1
117,99,false,0,1
118,99,false,0,1
119,99,false,0,1
120,99,false,0,1
121,99,false,0,0
122,99,false,0,0
123,99,false,0,0
124,99,false,0,0
125,99,false,0,0
126,99,false,0,0
127,99,false,0,0
128,99,false,0,1
129,99,false,0,1
130,99,false,0,1
131,99,false,0,1
132,99,false,0,0
133,99,false,0,0
134,99,false,0,0
135,99,false,0,0
136,99,false,0,0
137,99,false,0,0
138,99,false,0,0
139,99,false,0,0
140,99,false,0,0
141,99,false,0,0
142,99,false,0,0
143,99,false,0,0
144,99,false,0,0
145,99,false,0,0
146,99,false,0,0
147,99,false,0,1
148,99,false,0,1
149,99,false,0,1
150,99,false,0,1
151,99,false,0,1
152,99,false,0,1
153,99,false,0,1
154,99,false,0,1
155,99,false,0,1
156,99,false,0,1
157,99,false,0,1
158,99,false,0,1
159,99,false,0,2
160,99,false,0,2
161,99,false,0,2
162,99,false,0,2
163,99,false,0,2
164,99,false,0,3
165,99,false,0,2
166,99,false,0,2
167,99,false,0,2
168,99,false,0,2
169,99,false,0,2
170,99,false,0,2
171,99,false,0,3
172,99,false,0,3
173,99,false,0,3
174,99,false,0,3
175,99,false,0,4
176,99,false,0,4
177,99,false,0,3
178,99,false,0,3
179,99,false,0,3
180,99,false,0,3
181,99,false,0,1
182,99,false,0,1
183,99,false,0,1
184,99,false,0,1
185,99,false,0,1
186,99,false,0,0
187,99,false,0,0
188,99,false,0,0
189,99,false,0,0
190,99,false,0,0
191,99,false,0,1
192,99,false,0,1
193,99,false,0,1
194,99,false,0,1
195,99,false,0,1
196,99,false,0,1
197,99,false,0,1
198,99,false,0,1
199,99,false,0,1
200,99,false,0,1
201,99,false,0,1
202,99,false,0,1
203,99,false,0,1
204,99,false,0,1
205,99,false,0,2
206,99,false,0,2
207,99,false,0,2
208,99,false,0,2
209,99,false,0,1
210,99,false,0,1
211,99,false,0,1
212,99,false,0,1
213,99,false,0,1
214,99,false,0,1
215,99,false,0,0
216,99,false,0,0
217,99,false,0,0
218,99,false,0,0
219,99,false,0,0
220,99,false,0,0
221,99,false,0,0
222,99,false,0,0
223,99,false,0,0
224,99,false,0,0
225,99,false,0,0
226,99,false,0,0
227,99,false,0,0
228,99,false,0,0
229,99,false,0,0
230,99,false,0,0
231,99,false,0,0
232,99,false,0,0
233,99,false,0,0
234,99,false,0,0
235,99,false,0,0
236,99,false,0,0
237,99,false,0,0
238,99,false,0,0
239,99,false,0,0
240,99,false,0,0
241,99,false,0,0
242,99,false,0,0
243,99,false,0,1
244,99,false,0,1
245,99,false,0,1
246,99,false,0,1
247,99,false,0,0
248,99,false,0,0
249,99,false,0,0
250,99,false,0,0
251,99,false,0,1
252,99,false,0,1
253,99,false,0,1
254,99,false,0,1
255,99,false,0,1
256,99,false,0,1
257,99,false,0,1
258,99,false,0,1
259,99,false,0,1
260,99,false,0,2
261,99,false,0,3
262,99,false,0,3
263,99,false,0,3
264,99,false,0,3
265,99,false,0,3
266,99,false,0,2
267,99,false,0,2
268,99,false,0,2
269,99,false,0,2
270,99,false,0,3
271,99,false,0,3
272,99,false,0,3
273,99,false,0,3
274,99,false,0,2
275,99,false,0,2
276,99,false,0,2
277,99,false,0,2
278,99,false,0,3
279,99,false,0,3
280,99,false,0,2
281,99,false,0,2
282,99,false,0,2
283,99,false,0,2
284,99,false,0,2
285,99,false,0,3
286,99,false,0,3
287,99,false,0,3
288,99,false,0,3
289,99,false,0,3
290,99,false,0,4
291,99,false,0,4
292,99,false,0,4
293,99,false,0,3
294,99,false,0,3
295,99,false,0,2
296,99,false,0,2
297,99,false,0,2
298,99,false,0,1
299,99,false,0,0
300,99,false,0,0
301,99,false,0,0
302,99,false,0,0
303,99,false,0,0
304,99,false,0,0
305,99,false,0,0
306,99,false,0,1
307,99,false,0,1
308,99,false,0,1
309,99,false,0,0
310,99,false,0,0
311,99,false,0,0
312,99,false,0,0
313,99,false,0,0
314,99,false,0,0
315,99,false,0,0
316,99,false,0,0
317,99,false,0,1
318,99,false,0,1
319,99,false,0,1
320,99,false,0,1
321,99,false,0,2
322,99,false,0,2
323,99,false,0,2
324,99,false,0,2
325,99,false,0,2
326,99,false,0,1
327,99,false,0,1
328,99,false,0,1
329,99,false,0,1
330,99,false,0,2
331,99,false,0,2
332,99,false,0,1
333,99,false,0,1
334,99,false,0,1
335,99,false,0,2
336,99,false,0,2
337,99,false,0,2
338,99,false,0,2
339,99,false,0,3
340,99,false,0,3
341,99,false,0,3
342,99,false,0,1
343,99,false,0,1
344,99,false,0,1
345,99,false,0,1
346,99,false,0,1
347,99,false,0,1
348,99,false,0,1
349,99,false,0,1
350,99,false,0,1
351,99,false,0,1
352,99,false,0,1
353,99,false,0,1
354,99,false,0,1
355,99,false,0,0
356,99,false,0,0
357,99,false,0,0
358,99,false,0,0
359,99,false,0,0
360,99,false,0,0
361,99,false,0,0
362,99,false,0,1
363,99,false,0,1
364,99,false,0,2
365,99,false,0,2
366,99,false,0,1
367,99,false,0,1
368,99,false,0,1
369,99,false,0,0
370,99,false,0,0
371,99,false,0,0
372,99,false,0,0
373,99,false,0,0
374,99,false,0,0
375,99,false,0,0
376,99,false,0,0
377,99,false,0,0
378,99,false,0,0
379,99,false,0,0
380,99,false,0,0
381,99,false,0,0
382,99,false,0,0
383,99,false,0,0
384,99,false,0,0
385,99,false,0,0
386,99,false,0,0
387,99,false,0,0
388,99,false,0,0
389,99,false,0,0
390,99,false,0,0
391,99,false,0,0
392,99,false,0,0
393,99,false,0,0
394,99,false,0,0
395,99,false,0,1
396,99,false,0,1
397,99,false,0,1
398,99,false,0,1
399,99,false,0,1
400,99,false,0,1
401,99,false,0,1
402,99,false,0,1
403,99,false,0,2
404,99,false,0,2
405,99,false,0,2
406,99,false,0,2
407,99,false,0,2
408,99,false,0,3
409,99,false,0,3
410,99,false,0,3
411,99,false,0,2
412,99,false,0,2
413,99,false,0,2
414,99,false,0,2
415,99,false,0,3
416,99,false,0,3
417,99,false,0,2
418,99,false,0,2
419,99,false,0,2
420,99,false,0,2
421,99,false,0,2
422,99,false,0,1
423,99,false,0,1
424,99,false,0,1
425,99,false,0,1
426,99,false,0,1
427,99,false,0,2
428,99,false,0,2
429,99,false,0,2
430,99,false,0,1
431,99,false,0,1
432,99,false,0,1
433,99,false,0,1
434,99,false,0,1
435,99,false,0,2
436,99,false,0,2
437,99,false,0,2
438,99,false,0,2
439,99,false,0,2
440,99,false,0,2
441,99,false,0,2
442,99,false,0,2
443,99,false,0,2
444,99,false,0,2
445,99,false,0,2
446,99,false,0,2
447,99,false,0,2
448,99,false,0,1
449,99,false,0,1
450,99,false,0,1
451,99,false,0,1
452,99,false,0,1
453,99,false,0,1
454,99,false,0,0
455,99,false,0,0
456,99,false,0,0
457,99,false,0,0
458,99,false,0,0
459,99,false,0,0
460,99,false,0,0
461,99,false,0,0
462,99,false,0,0
463,99,false,0,0
464,99,false,0,0
465,99,false,0,0
466,99,false,0,0
467,99,false,0,0
468,99,false,0,0
469,99,false,0,1
470,99,false,0,1
471,99,false,0,1
472,99,false,0,1
473,99,false,0,1
474,99,false,0,2
475,99,false,0,2
476,99,false,0,1
477,99,false,0,2
478,99,false,0,2
479,99,false,0,2
480,99,false,0,2
481,99,false,0,2
482,99,false,0,1
483,99,false,0,1
484,99,false,0,1
485,99,false,0,1
486,99,false,0,1
487,99,false,0,1
488,99,false,0,1
489,99,false,0,1
490,99,false,0,1
491,99,false,0,1
492,99,false,0,1
493,99,false,0,1
494,99,false,0,1
495,99,false,0,1
496,99,false,0,1
497,99,false,0,1
498,99,false,0,1
499,99,false,0,1
500,99,false,0,1
501,99,false,0,1
502,99,false,0,1
503,99,false,0,1
504,99,false,0,1
505,99,false,0,1
506,99,false,0,1
507,99,false,0,1
508,99,false,0,1
509,99,false,0,1
510,99,false,0,1
511,99,false,0,1
512,99,false,0,1
513,99,false,0,1
514,99,false,0,1
515,99,false,0,1
516,99,false,0,1
517,99,false,0,1
518,99,false,0,1
519,99,false,0,1
520,99,false,0,1
521,99,false,0,1
522,99,false,0,2
523,99,false,0,2
524,99,false,0,1
525,99,false,0,1
526,99,false,0,1
527,99,false,0,1
528,99,false,0,1
529,99,false,0,1
530,99,false,0,1
531,99,false,0,1
532,99,false,0,1
533,99,false,0,1
534,99,false,0,0
535,99,false,0,0
536,99,false,0,0
537,99,false,0,0
538,99,false,0,0
539,99,false,0,0
540,99,false,0,0
541,99,false,0,0
542,99,false,0,0
543,99,false,0,1
544,99,false,0,0
545,99,false,0,0
546,99,false,0,0
547,99,false,0,0
548,99,false,0,0
549,99,false,0,0
550,99,false,0,1
551,99,false,0,2
552,99,false,0,2
553,99,false,0,2
554,99,false,0,1
555,99,false,0,1
556,99,false,0,1
557,99,false,0,1
558,99,false,0,2
559,99,false,0,2
560,99,false,0,2
561,99,false,0,2
562,99,false,0,2
563,99,false,0,2
564,99,false,0,2
565,99,false,0,2
566,99,false,0,1
567,99,false,0,1
568,99,false,0,1
569,99,false,0,1
570,99,false,0,1
571,99,false,0,1
572,99,false,0,1
573,99,false,0,1
574,99,false,0,1
575,99,false,0,1
576,99,false,0,1
577,99,false,0,1
578,99,false,0,1
579,99,false,0,1
580,99,false,0,1
581,99,false,0,0
582,99,false,0,0
583,99,false,0,0
584,99,false,0,0
585,99,false,0,0
586,99,false,0,0
587,99,false,0,0
588,99,false,0,1
589,99,false,0,1
590,99,false,0,1
591,99,false,0,1
592,99,false,0,0
593,99,false,0,0
594,99,false,0,0
595,99,false,0,0
596,99,false,0,0
597,99,false,0,1
598,99,false,0,1
599,99,false,0,2
600,99,false,0,2
601,99,false,0,3
602,99,false,0,3
603,99,false,0,2
604,99,false,0,2
605,99,false,0,2
606,99,false,0,2
607,99,false,0,2
608,99,false,0,2
609,99,false,0,2
610,99,false,0,2
611,99,false,0,1
612,99,false,0,1
613,99,false,0,1
614,99,false,0,1
615,99,false,0,1
616,99,false,0,1
617,99,false,0,1
618,99,false,0,1
619,99,false,0,2
620,99,false,0,2
621,99,false,0,2
622,99,false,0,2
623,99,false,0,2
624,99,false,0,2
625,99,false,0,2
626,99,false,0,2
627,99,false,0,2
628,99,false,0,2
629,99,false,0,2
630,99,false,0,2
631,99,false,0,2
632,99,false,0,2
633,99,false,0,2
634,99,false,0,2
635,99,false,0,2
636,99,false,0,3
637,99,false,0,4
638,99,false,0,4
639,99,false,0,4
640,99,false,0,4
641,99,false,0,3
642,99,false,0,1
643,99,false,0,1
644,99,false,0,1
645,99,false,0,1
646,99,false,0,1
647,99,false,0,1
648,99,false,0,2
649,99,false,0,2
650,99,false,0,3
651,99,false,0,4
652,99,false,0,4
653,99,false,0,4
654,99,false,0,3
655,99,false,0,3
656,99,false,0,3
657,99,false,0,3
658,99,false,0,3
659,99,false,0,2
660,99,false,0,2
661,99,false,0,2
662,99,false,0,2
663,99,false,0,1
664,99,false,0,1
665,99,false,0,1
666,99,false,0,1
667,99,false,0,1
668,99,false,0,1
669,99,false,0,1
670,99,false,0,1
671,99,false,0,1
672,99,false,0,1
673,99,false,0,1
674,99,false,0,2
675,99,false,0,2
676,99,false,0,2
677,99,false,0,2
678,99,false,0,3
679,99,false,0,2
680,99,false,0,2
681,99,false,0,3
682,99,false,0,3
683,99,false,0,3
684,99,false,0,3
685,99,false,0,4
686,99,false,0,4
687,99,false,0,3
688,99,false,0,3
689,99,false,0,3
690,99,false,0,3
691,99,false,0,3
692,99,false,0,5
693,99,false,0,5
694,99,false,0,5
695,99,false,0,4
696,99,false,0,4
697,99,false,0,4
698,99,false,0,4
699,99,false,0,4
700,99,false,0,3
701,99,false,0,3
702,99,false,0,3
703,99,false,0,3
704,99,false,0,3
705,99,false,0,3
706,99,false,0,3
707,99,false,0,3
708,99,false,0,3
709,99,false,0,2
710,99,false,0,2
711,99,false,0,2
712,99,false,0,2
713,99,false,0,2
714,99,false,0,3
715,99,false,0,3
716,99,false,0,3
717,99,false,0,3
718,99,false,0,3
719,99,false,0,3
720,99,false,0,3
721,99,false,0,3
722,99,false,0,3
723,99,false,0,2
724,99,false,0,1
725,99,false,0,1
726,99,false,0,1
727,99,false,0,1
728,99,false,0,2
729,99,false,0,2
730,99,false,0,2
731,99,false,0,2
732,99,false,0,2
733,99,false,0,2
734,99,false,0,2
735,99,false,0,2
736,99,false,0,2
737,99,false,0,2
738,99,false,0,2
739,99,false,0,2
740,99,false,0,1
741,99,false,0,1
742,99,false,0,1
743,99,false,0,1
744,99,false,0,1
745,99,false,0,2
746,99,false,0,2
747,99,false,0,2
748,99,false,0,2
749,99,false,0,2
750,99,false,0,2
751,99,false,0,2
752,99,false,0,2
753,99,false,0,2
754,99,false,0,2
755,99,false,0,2
756,99,false,0,2
757,99,false,0,2
758,99,false,0,2
759,99,false,0,2
760,99,false,0,2
761,99,false,0,2
762,99,false,0,0
763,99,false,0,0
764,99,false,0,2
765,99,false,0,2
766,99,false,0,2
767,99,false,0,2
768,99,false,0,1
769,99,false,0,1
770,99,false,0,1
771,99,false,0,1
772,99,false,0,1
773,99,false,0,1
774,99,false,0,1
775,99,false,0,1
776,99,false,0,1
777,99,false,0,0
778,99,false,0,0
779,99,false,0,0
780,99,false,0,0
781,99,false,0,0
782,99,false,0,0
783,99,false,0,0
784,99,false,0,0
785,99,false,0,0
786,99,false,0,0
787,99,false,0,0
788,99,false,0,0
789,99,false,0,0
790,99,false,0,0
791,99,false,0,0
792,99,false,0,0
793,99,false,0,0
794,99,false,0,0
795,99,false,0,0
796,99,false,0,0
797,99,false,0,0
798,99,false,0,0
799,99,false,0,0
800,99,false,0,0
801,99,false,0,0
802,99,false,0,0
803,99,false,0,0
804,99,false,0,0
805,99,false,0,1
806,99,false,0,0
807,99,false,0,0
808,99,false,0,0
809,99,false,0,0
810,99,false,0,0
811,99,false,0,0
812,99,false,0,0
813,99,false,0,0
814,99,false,0,0
815,99,false,0,0
816,99,false,0,0
817,99,false,0,0
818,99,false,0,0
819,99,false,0,0
820,99,false,0,0
821,99,false,0,0
822,99,false,0,0
823,99,false,0,0
824,99,false,0,0
825,99,false,0,0
826,99,false,0,1
827,99,false,0,1
828,99,false,0,1
829,99,false,0,0
830,99,false,0,0
831,99,false,0,0
832,99,false,0,0
833,99,false,0,0
834,99,false,0,0
835,99,false,0,0
836,99,false,0,0
837,99,false,0,0
838,99,false,0,0
839,99,false,0,0
840,99,false,0,0
841,99,false,0,0
842,99,false,0,0
843,99,false,0,1
844,99,false,0,1
845,99,false,0,1
846,99,false,0,1
847,99,false,0,1
848,99,false,0,1
849,99,false,0,1
850,99,false,0,1
851,99,false,0,1
852,99,false,0,1
853,99,false,0,1
854,99,false,0,1
855,99,false,0,1
856,99,false,0,1
857,99,false,0,1
858,99,false,0,1
859,99,false,0,1
860,99,false,0,1
861,99,false,0,1
862,99,false,0,1
863,99,false,0,2
864,99,false,0,1
865,99,false,0,1
866,99,false,0,1
867,99,false,0,1
868,99,false,0,2
869,99,false,0,2
870,99,false,0,2
871,99,false,0,1
872,99,false,0,1
873,99,false,0,1
874,99,false,0,1
875,99,false,0,2
876,99,false,0,2
877,99,false,0,2
878,99,false,0,2
879,99,false,0,2
880,99,false,0,2
881,99,false,0,2
882,99,false,0,2
883,99,false,0,2
884,99,false,0,2
885,99,false,0,2
886,99,false,0,2
887,99,false,0,2
888,99,false,0,2
889,99,false,0,1
890,99,false,0,1
891,99,false,0,1
892,99,false,0,1
893,99,false,0,1
894,99,false,0,1
895,99,false,0,1
896,99,false,0,2
897,99,false,0,2
898,99,false,0,2
899,99,false,0,3
900,99,false,0,3
901,99,false,0,3
902,99,false,0,3
903,99,false,0,3
904,99,false,0,3
905,99,false,0,2
906,99,false,0,1
907,99,false,0,1
908,99,false,0,1
909,99,false,0,1
910,99,false,0,1
911,99,false,0,1
912,99,false,0,1
913,99,false,0,1
914,99,false,0,1
915,99,false,0,1
916,99,false,0,1
917,99,false,0,1
918,99,false,0,2
919,99,false,0,2
920,99,false,0,1
921,99,false,0,1
922,99,false,0,1
923,99,false,0,1
924,99,false,0,1
925,99,false,0,1
926,99,false,0,2
927,99,false,0,3
928,99,false,0,3
929,99,false,0,3
930,99,false,0,3
931,99,false,0,3
932,99,false,0,3
933,99,false,0,3
934,99,false,0,3
935,99,false,0,6
936,99,false,0,6
937,99,false,0,5
938,99,false,0,6
939,99,false,0,6
940,99,false,0,6
941,99,false,0,6
942,99,false,0,5
943,99,false,0,5
944,99,false,0,5
945,99,false,0,5
946,99,false,0,5
947,99,false,0,5
948,99,false,0,4
949,99,false,0,3
950,99,false,0,3
951,99,false,0,5
952,99,false,0,5
953,99,false,0,5
954,99,false,0,5
955,99,false,0,4
956,99,false,0,4
957,99,false,0,4
958,99,false,0,4
959,99,false,0,4
960,99,false,0,4
961,99,false,0,4
962,99,false,0,5
963,99,false,0,5
964,99,false,0,4
965,99,false,0,4
966,99,false,0,4
967,99,false,0,3
968,99,false,0,3
969,99,false,0,3
970,99,false,0,3
971,99,false,0,3
972,99,false,0,1
973,99,false,0,1
974,99,false,0,2
975,99,false,0,2
976,99,false,0,2
977,99,false,0,3
978,99,false,0,3
979,99,false,0,3
980,99,false,0,3
981,99,false,0,3
982,99,false,0,3
983,99,false,0,3
984,99,false,0,2
985,99,false,0,2
986,99,false,0,2
987,99,false,0,2
988,99,false,0,2
989,99,false,0,0
990,99,false,0,0
991,99,false,0,0
992,99,false,0,0
993,99,false,0,0
994,99,false,0,0
995,99,false,0,0
996,99,false,0,0
997,99,false,0,0
998,99,false,0,0
999,99,false,0,0
1000,99,false,0,0
1001,99,false,0,0
1002,99,false,0,0
1003,99,false,0,0
1004,99,false,0,1
1005,99,false,0,1
1006,99,false,0,1
1007,99,false,0,1
1008,99,false,0,1
1009,99,false,0,1
1010,99,false,0,1
1011,99,false,0,1
1012,99,false,0,1
1013,99,false,0,1
1014,99,false,0,1
1015,99,false,0,1
1016,99,false,0,1
1017,99,false,0,2
1018,99,false,0,2
1019,99,false,0,3
1020,99,false,0,3
1021,99,false,0,2
1022,99,false,0,2
1023,99,false,0,2
1024,99,false,0,2
1025,99,false,0,2
1026,99,false,0,2
1027,99,false,0,2
1028,99,false,0,1
1029,99,false,0,1
1030,99,false,0,2
1031,99,false,0,2
1032,99,false,0,2
1033,99,false,0,2
1034,99,false,0,2
1035,99,false,0,2
1036,99,false,0,2
1037,99,false,0,4
1038,99,false,0,4
1039,99,false,0,4
1040,99,false,0,4
1041,99,false,0,3
1042,99,false,0,3
1043,99,false,0,5
1044,99,false,0,5
1045,99,false,0,5
1046,99,false,0,5
1047,99,false,0,5
1048,99,false,0,5
1049,99,false,0,5
1050,99,false,0,4
1051,99,false,0,4
1052,99,false,0,4
1053,99,false,0,4
1054,99,false,0,3
1055,99,false,0,2
1056,99,false,0,2
1057,99,false,0,2
1058,99,false,0,2
1059,99,false,0,2
1060,99,false,0,2
1061,99,false,0,2
1062,99,false,0,2
1063,99,false,0,2
1064,99,false,0,2
1065,99,false,0,3
1066,99,false,0,3
1067,99,false,0,2
1068,99,false,0,2
1069,99,false,0,3
1070,99,false,0,3
1071,99,false,0,2
1072,99,false,0,2
1073,99,false,0,2
1074,99,false,0,2
1075,99,false,0,2
1076,99,false,0,2
1077,99,false,0,2
1078,99,false,0,2
1079,99,false,0,3
1080,99,false,0,3
1081,99,false,0,3
1082,99,false,0,3
1083,99,false,0,3
1084,99,false,0,3
1085,99,false,0,3
1086,99,false,0,3
1087,99,false,0,3
1088,99,false,0,3
1089,99,false,0,3
1090,99,false,0,2
1091,99,false,0,2
1092,99,false,0,2
1093,99,false,0,3
1094,99,false,0,3
1095,99,false,0,3
1096,99,false,0,3
1097,99,false,0,3
1098,99,false,0,2
1099,99,false,0,2
1100,99,false,0,2
1101,99,false,0,2
1102,99,false,0,1
1103,99,false,0,1
1104,99,false,0,1
1105,99,false,0,1
1106,99,false,0,1
1107,99,false,0,1
1108,99,false,0,1
1109,99,false,0,1
1110,99,false,0,1
1111,99,false,0,1
1112,99,false,0,1
1113,99,false,0,1
1114,99,false,0,1
1115,99,false,0,1
1116,99,false,0,1
1117,99,false,0,1
1118,99,false,0,1
1119,99,false,0,2
1120,99,false,0,2
1121,99,false,0,2
1122,99,false,0,2
1123,99,false,0,1
1124,99,false,0,1
1125,99,false,0,1
1126,99,false,0,0
1127,99,false,0,0
1128,99,false,0,0
1129,99,false,0,0
1130,99,false,0,1
1131,99,false,0,1
1132,99,false,0,1
1133,99,false,0,1
1134,99,false,0,1
1135,99,false,0,2
1136,99,false,0,2
1137,99,false,0,2
1138,99,false,0,2
1139,99,false,0,2
1140,99,false,0,4
1141,99,false,0,4
1142,99,false,0,4
1143,99,false,0,4
1144,99,false,0,3
1145,99,false,0,3
1146,99,false,0,2
1147,99,false,0,2
1148,99,false,0,2
1149,99,false,0,2
1150,99,false,0,2
1151,99,false,0,3
1152,99,false,0,4
1153,99,false,0,4
1154,99,false,0,4
1155,99,false,0,4
1156,99,false,0,4
1157,99,false,0,4
1158,99,false,0,4
1159,99,false,0,3
1160,99,false,0,3
1161,99,false,0,2
1162,99,false,0,2
1163,99,false,0,2
1164,99,false,0,2
1165,99,false,0,2
1166,99,false,0,2
1167,99,false,0,2
1168,99,false,0,2
1169,99,false,0,2
1170,99,false,0,2
1171,99,false,0,2
1172,99,false,0,2
1173,99,false,0,2
1174,99,false,0,2
1175,99,false,0,2
1176,99,false,0,2
1177,99,false,0,2
1178,99,false,0,2
1179,99,false,0,2
1180,99,false,0,2
1181,99,false,0,2
1182,99,false,0,2
1183,99,false,0,2
1184,99,false,0,2
1185,99,false,0,2
1186,99,false,0,2
1187,99,false,0,2
1188,99,false,0,2
1189,99,false,0,2
1190,99,false,0,2
1191,99,false,0,2
1192,99,false,0,2
1193,99,false,0,2
1194,99,false,0,1
1195,99,false,0,1
1196,99,false,0,1
1197,99,false,0,1
1198,99,false,0,1
1199,99,false,0,1
1200,99,false,0,1
1201,99,false,0,1
1202,99,false,0,2
1203,99,false,0,0
1204,99,false,0,0
1205,99,false,0,0
1206,99,false,0,0
1207,99,false,0,0
1208,99,false,0,0
1209,99,false,0,1
1210,99,false,0,1
1211,99,false,0,1
1212,99,false,0,1
1213,99,false,0,2
1214,99,false,0,2
1215,99,false,0,2
1216,99,false,0,2
1217,99,false,0,2
1218,99,false,0,2
1219,99,false,0,2
1220,99,false,0,2
1221,99,false,0,2
1222,99,false,0,2
1223,99,false,0,2
1224,99,false,0,1
1225,99,false,0,1
1226,99,false,0,1
1227,99,false,0,1
1228,99,false,0,1
1229,99,false,0,1
1230,99,false,0,1
1231,99,false,0,1
1232,99,false,0,1
1233,99,false,0,2
1234,99,false,0,2
1235,99,false,0,2
1236,99,false,0,2
1237,99,false,0,2
1238,99,false,0,2
1239,99,false,0,2
1240,99,false,0,2
1241,99,false,0,2
1242,99,false,0,1
1243,99,false,0,1
1244,99,false,0,2
1245,99,false,0,2
1246,99,false,0,1
1247,99,false,0,1
1248,99,false,0,1
1249,99,false,0,1
1250,99,false,0,1
1251,99,false,0,1
1252,99,false,0,1
1253,99,false,0,1
1254,99,false,0,1
1255,99,false,0,1
1256,99,false,0,1
1257,99,false,0,1
1258,99,false,0,1
1259,99,false,0,1
1260,99,false,0,1
1261,99,false,0,2
1262,99,false,0,2
1263,99,false,0,2
1264,99,false,0,2
1265,99,false,0,2
1266,99,false,0,2
1267,99,false,0,2
1268,99,false,0,2
1269,99,false,0,2
1270,99,false,0,4
1271,99,false,0,3
1272,99,false,0,2
1273,99,false,0,2
1274,99,false,0,2
1275,99,false,0,2
1276,99,false,0,2
1277,99,false,0,3
1278,99,false,0,2
1279,99,false,0,2
1280,99,false,0,2
1281,99,false,0,2
1282,99,false,0,3
1283,99,false,0,3
1284,99,false,0,3
1285,99,false,0,3
1286,99,false,0,3
1287,99,false,0,3
1288,99,false,0,4
1289,99,false,0,5
1290,99,false,0,4
1291,99,false,0,4
1292,99,false,0,4
1293,99,false,0,5
1294,99,false,0,5
1295,99,false,0,5
1296,99,false,0,5
1297,99,false,0,5
1298,99,false,0,5
1299,99,false,0,5
1300,99,false,0,5
1301,99,false,0,5
1302,99,false,0,4
1303,99,false,0,4
1304,99,false,0,4
1305,99,false,0,5
1306,99,false,0,5
1307,99,false,0,5
1308,99,false,0,5
1309,99,false,0,4
1310,99,false,0,3
1311,99,false,0,3
1312,99,false,0,3
1313,99,false,0,3
1314,99,false,0,2
1315,99,false,0,2
1316,99,false,0,2
1317,99,false,0,2
1318,99,false,0,3
1319,99,false,0,3
1320,99,false,0,4
1321,99,false,0,4
1322,99,false,0,4
1323,99,false,0,4
1324,99,false,0,3
1325,99,false,0,3
1326,99,false,0,3
1327,99,false,0,4
1328,99,false,0,4
1329,99,false,0,3
1330,99,false,0,3
1331,99,false,0,2
1332,99,false,0,2
1333,99,false,0,2
1334,99,false,0,2
1335,99,false,0,2
1336,99,false,0,2
1337,99,false,0,2
1338,99,false,0,2
1339,99,false,0,2
1340,99,false,0,2
1341,99,false,0,2
1342,99,false,0,2
1343,99,false,0,2
1344,99,false,0,2
1345,99,false,0,0
1346,99,false,0,0
1347,99,false,0,0
1348,99,false,0,0
1349,99,false,0,0
1350,99,false,0,0
1351,99,false,0,0
1352,99,false,0,0
1353,99,false,0,0
1354,99,false,0,0
1355,99,false,0,0
1356,99,false,0,0
1357,99,false,0,0
1358,99,false,0,0
1359,99,false,0,0
1360,99,false,0,0
1361,99,false,0,0
1362,99,false,0,0
1363,99,false,0,0
1364,99,false,0,0
1365,99,false,0,0
1366,99,false,0,0
1367,99,false,0,0
1368,99,false,0,0
1369,99,false,0,0
1370,99,false,0,0
1371,99,false,0,0
1372,99,false,0,0
1373,99,false,0,0
1374,99,false,0,0
1375,99,false,0,0
1376,99,false,0,0
1377,99,false,0,2
1378,99,false,0,2
1379,99,false,0,1
1380,99,false,0,1
1381,99,false,0,2
1382,99,false,0,2
1383,99,false,0,2
1384,99,false,0,2
1385,99,false,0,2
1386,99,false,0,1
1387,99,false,0,1
1388,99,false,0,0
1389,99,false,0,0
1390,99,false,0,1
1391,99,false,0,1
1392,99,false,0,1
1393,99,false,0,1
1394,99,false,0,1
1395,99,false,0,1
1396,99,false,0,1
1397,99,false,0,1
1398,99,false,0,1
1399,99,false,0,1
1400,99,false,0,1
1401,99,false,0,1
1402,99,false,0,1
1403,99,false,0,1
1404,99,false,0,2
1405,99,false,0,2
1406,99,false,0,2
1407,99,false,0,2
1408,99,false,0,2
1409,99,false,0,2
1410,99,false,0,2
1411,99,false,0,2
1412,99,false,0,2
1413,99,false,0,2
1414,99,false,0,2
1415,99,false,0,2
1416,99,false,0,2
1417,99,false,0,2
1418,99,false,0,4
1419,99,false,0,4
1420,99,false,0,4
1421,99,false,0,4
1422,99,false,0,4
1423,99,false,0,4
1424,99,false,0,4
1425,99,false,0,3
1426,99,false,0,3
1427,99,false,0,3
1428,99,false,0,3
1429,99,false,0,3
1430,99,false,0,3
1431,99,false,0,3
1432,99,false,0,3
1433,99,false,0,3
1434,99,false,0,3
1435,99,false,0,3
1436,99,false,0,3
1437,99,false,0,4
1438,99,false,0,4
1439,99,false,0,4
1440,99,false,0,4
1441,99,false,0,3
1442,99,false,0,3
1443,99,false,0,3
1444,99,false,0,3
1445,99,false,0,3
1446,99,false,0,2
1447,99,false,0,1
1448,99,false,0,1
1449,99,false,0,1
1450,99,false,0,1
1451,99,false,0,1
1452,99,false,0,1
1453,99,false,0,1
1454,99,false,0,1
1455,99,false,0,1
1456,99,false,0,1
1457,99,false,0,1
1458,99,false,0,1
1459,99,false,0,1
1460,99,false,0,1
1461,99,false,0,1
1462,99,false,0,0
1463,99,false,0,0
1464,99,false,0,0
1465,99,false,0,0
1466,99,false,0,0
1467,99,false,0,0
1468,99,false,0,0
1469,99,false,0,0
1470,99,false,0,0
1471,99,false,0,0
1472,99,false,0,2
1473,99,false,0,2
1474,99,false,0,2
1475,99,false,0,2
1476,99,false,0,2
1477,99,false,0,2
1478,99,false,0,2
1479,99,false,0,2
1480,99,false,0,2
1481,99,false,0,2
1482,99,false,0,2
1483,99,false,0,1
1484,99,false,0,1
1485,99,false,0,1
1486,99,false,0,1
1487,99,false,0,1
1488,99,false,0,1
1489,99,false,0,1
1490,99,false,0,1
1491,99,false,0,1
1492,99,false,0,1
1493,99,false,0,1
1494,99,false,0,1
1495,99,false,0,1
1496,99,false,0,1
1497,99,false,0,1
1498,99,false,0,1
1499,99,false,0,1
1500,99,false,0,1
1501,99,false,0,1
1502,99,false,0,1
1503,99,false,0,1
1504,99,false,0,1
1505,99,false,0,1
1506,99,false,0,1
1507,99,false,0,1
1508,99,false,0,1
1509,99,false,0,1
1510,99,false,0,0
1511,99,false,0,0
1512,99,false,0,0
1513,99,false,0,0
1514,99,false,0,0
1515,99,false,0,0
1516,99,false,0,0
1517,99,false,0,0
1518,99,false,0,0
1519,99,false,0,0
1520,99,false,0,0
1521,99,false,0,0
1522,99,false,0,0
1523,99,false,0,0
1524,99,false,0,0
1525,99,false,0,0
1526,99,false,0,0
1527,99,false,0,0
1528,99,false,0,0
1529,99,false,0,0
1530,99,false,0,0
1531,99,false,0,0
1532,99,false,0,0
1533,99,false,0,0
1534,99,false,0,0
1535,99,false,0,0
1536,99,false,0,0
1537,99,false,0,0
1538,99,false,0,1
1539,99,false,0,1
1540,99,false,0,1
1541,99,false,0,0
1542,99,false,0,0
1543,99,false,0,0
1544,99,false,0,0
1545,99,false,0,0
1546,99,false,0,0
1547,99,false,0,0
1548,99,false,0,0
1549,99,false,0,0
1550,99,false,0,0
1551,99,false,0,0
1552,99,false,0,0
1553,99,false,0,0
1554,99,false,0,0
1555,99,false,0,0
1556,99,false,0,0
1557,99,false,0,0
1558,99,false,0,0
1559,99,false,0,0
1560,99,false,0,0
1561,99,false,0,0
1562,99,false,0,0
1563,99,false,0,0
1564,99,false,0,0
1565,99,false,0,0
1566,99,false,0,0
1567,99,false,0,0
1568,99,false,0,0
1569,99,false,0,0
1570,99,false,0,0
1571,99,false,0,0
1572,99,false,0,2
1573,99,false,0,2
1574,99,false,0,2
1575,99,false,0,2
1576,99,false,0,1
1577,99,false,0,1
1578,99,false,0,1
1579,99,false,0,1
1580,99,false,0,1
1581,99,false,0,1
1582,99,false,0,1
1583,99,false,0,3
1584,99,false,0,3
1585,99,false,0,3
1586,99,false,0,5
1587,99,false,0,5
1588,99,false,0,5
1589,99,false,0,5
1590,99,false,0,5
1591,99,false,0,5
1592,99,false,0,5
1593,99,false,0,4
1594,99,false,0,4
1595,99,false,0,4
1596,99,false,0,3
1597,99,false,0,3
1598,99,false,0,3
1599,99,false,0,3
1600,99,false,0,3
1601,99,false,0,3
1602,99,false,0,3
1603,99,false,0,2
1604,99,false,0,2
1605,99,false,0,2
1606,99,false,0,2
1607,99,false,0,2
1608,99,false,0,2
1609,99,false,0,2
1610,99,false,0,2
1611,99,false,0,3
1612,99,false,0,3
1613,99,false,0,3
1614,99,false,0,3
1615,99,false,0,2
1616,99,false,0,2
1617,99,false,0,2
1618,99,false,0,2
1619,99,false,0,1
1620,99,false,0,1
1621,99,false,0,1
1622,99,false,0,0
1623,99,false,0,1
1624,99,false,0,1
1625,99,false,0,1
1626,99,false,0,1
1627,99,false,0,1
1628,99,false,0,1
1629,99,false,0,1
1630,99,false,0,1
1631,99,false,0,1
1632,99,false,0,1
1633,99,false,0,1
1634,99,false,0,1
1635,99,false,0,1
1636,99,false,0,1
1637,99,false,0,1
1638,99,false,0,1
1639,99,false,0,0
1640,99,false,0,0
1641,99,false,0,0
1642,99,false,0,0
1643,99,false,0,0
1644,99,false,0,0
1645,99,false,0,0
1646,99,false,0,0
1647,99,false,0,0
1648,99,false,0,0
1649,99,false,0,0
1650,99,false,0,0
1651,99,false,0,0
1652,99,false,0,0
1653,99,false,0,0
1654,99,false,0,0
1655,99,false,0,0
1656,99,false,0,0
1657,99,false,0,0
1658,99,false,0,0
1659,99,false,0,0
1660,99,false,0,0
1661,99,false,0,0
1662,99,false,0,0
1663,99,false,0,0
1664,99,false,0,0
1665,99,false,0,0
1666,99,false,0,0
1667,99,false,0,0
1668,99,false,0,1
1669,99,false,0,1
1670,99,false,0,1
1671,99,false,0,1
1672,99,false,0,2
1673,99,false,0,1
1674,99,false,0,1
1675,99,false,0,1
1676,99,false,0,1
1677,99,false,0,1
1678,99,false,0,0
1679,99,false,0,0
1680,99,false,0,0
1681,99,false,0,0
1682,99,false,0,0
1683,99,false,0,0
1684,99,false,0,0
1685,99,false,0,0
1686,99,false,0,1
1687,99,false,0,1
1688,99,false,0,1
1689,99,false,0,1
1690,99,false,0,1
1691,99,false,0,1
1692,99,false,0,1
1693,99,false,0,1
1694,99,false,0,1
1695,99,false,0,1
1696,99,false,0,1
1697,99,false,0,1
1698,99,false,0,1
1699,99,false,0,1
1700,99,false,0,1
1701,99,false,0,1
1702,99,false,0,1
1703,99,false,0,1
1704,99,false,0,1
1705,99,false,0,1
1706,99,false,0,1
1707,99,false,0,1
1708,99,false,0,1
1709,99,false,0,1
1710,99,false,0,1
1711,99,false,0,1
1712,99,false,0,1
1713,99,false,0,0
1714,99,false,0,0
1715,99,false,0,0
1716,99,false,0,1
1717,99,false,0,1
1718,99,false,0,1
1719,99,false,0,1
1720,99,false,0,1
1721,99,false,0,1
1722,99,false,0,1
1723,99,false,0,1
1724,99,false,0,2
1725,99,false,0,2
1726,99,false,0,2
1727,99,false,0,3
1728,99,false,0,3
1729,99,false,0,3
1730,99,false,0,3
1731,99,false,0,2
1732,99,false,0,2
1733,99,false,0,2
1734,99,false,0,2
1735,99,false,0,2
1736,99,false,0,2
1737,99,false,0,2
1738,99,false,0,2
1739,99,false,0,3
1740,99,false,0,3
1741,99,false,0,3
1742,99,false,0,3
1743,99,false,0,3
1744,99,false,0,3
1745,99,false,0,2
1746,99,false,0,2
1747,99,false,0,1
1748,99,false,0,1
1749,99,false,0,1
1750,99,false,0,1
1751,99,false,0,1
1752,99,false,0,1
1753,99,false,0,1
1754,99,false,0,2
1755,99,false,0,5
1756,99,false,0,4
1757,99,false,0,4
1758,99,false,0,4
1759,99,false,0,3
1760,99,false,0,2
1761,99,false,0,2
1762,99,false,0,2
1763,99,false,0,2
1764,99,false,0,2
1765,99,false,0,2
1766,99,false,0,2
1767,99,false,0,2
1768,99,false,0,2
1769,99,false,0,2
1770,99,false,0,2
1771,99,false,0,1
1772,99,false,0,1
1773,99,false,0,1
1774,99,false,0,3
1775,99,false,0,3
1776,99,false,0,3
1777,99,false,0,3
1778,99,false,0,3
1779,99,false,0,3
1780,99,false,0,3
1781,99,false,0,3
1782,99,false,0,2
1783,99,false,0,2
1784,99,false,0,2
1785,99,false,0,1
1786,99,false,0,0
1787,99,false,0,0
1788,99,false,0,0
1789,99,false,0,0
1790,99,false,0,0
1791,99,false,0,0
1792,99,false,0,0
1793,99,false,0,0
1794,99,false,0,0
1795,99,false,0,0
1796,99,false,0,0
1797,99,false,0,0
1798,99,false,0,0
1799,99,false,0,0
1800,99,false,0,0
1801,99,false,0,0
1802,99,false,0,0
1803,99,false,0,0
1804,99,false,0,0
1805,99,false,0,0
1806,99,false,0,0
1807,99,false,0,1
1808,99,false,0,1
1809,99,false,0,1
1810,99,false,0,1
1811,99,false,0,1
1812,99,false,0,1
1813,99,false,0,1
1814,99,false,0,1
1815,99,false,0,1
1816,99,false,0,1
1817,99,false,0,1
1818,99,false,0,1
1819,99,false,0,1
1820,99,false,0,0
1821,99,false,0,0
1822,99,false,0,0
1823,99,false,0,0
1824,99,false,0,0
1825,99,false,0,0
1826,99,false,0,0
1827,99,false,0,0
1828,99,false,0,0
1829,99,false,0,0
1830,99,false,0,0
1831,99,false,0,0
1832,99,false,0,0
1833,99,false,0,0
1834,99,false,0,0
1835,99,false,0,0
1836,99,false,0,0
1837,99,false,0,0
1838,99,false,0,0
1839,99,false,0,0
1840,99,false,0,0
1841,99,false,0,0
1842,99,false,0,0
1843,99,false,0,0
1844,99,false,0,0
1845,99,false,0,0
1846,99,false,0,0
1847,99,false,0,0
1848,99,false,0,0
1849,99,false,0,0
1850,99,false,0,0
1851,99,false,0,0
1852,99,false,0,0
1853,99,false,0,0
1854,99,false,0,0
1855,99,false,0,0
1856,99,false,0,1
1857,99,false,0,1
1858,99,false,0,1
1859,99,false,0,1
1860,99,false,0,1
1861,99,false,0,1
1862,99,false,0,0
1863,99,false,0,0
1864,99,false,0,0
1865,99,false,0,0
1866,99,false,0,0
1867,99,false,0,0
1868,99,false,0,0
1869,99,false,0,0
1870,99,false,0,0
1871,99,false,0,0
1872,99,false,0,0
1873,99,false,0,0
1874,99,false,0,0
1875,99,false,0,0
1876,99,false,0,0
1877,99,false,0,0
1878,99,false,0,0
1879,99,false,0,0
1880,99,false,0,0
1881,99,false,0,0
1882,99,false,0,0
1883,99,false,0,2
1884,99,false,0,2
1885,99,false,0,3
1886,99,false,0,3
1887,99,false,0,2
1888,99,false,0,2
1889,99,false,0,2
1890,99,false,0,2
1891,99,false,0,2
1892,99,false,0,1
1893,99,false,0,2
1894,99,false,0,5
1895,99,false,0,5
1896,99,false,0,5
1897,99,false,0,5
1898,99,false,0,5
1899,99,false,0,5
1900,99,false,0,5
1901,99,false,0,4
1902,99,false,0,4
1903,99,false,0,4
1904,99,false,0,2
1905,99,false,0,1
1906,99,false,0,1
1907,99,false,0,1
1908,99,false,0,1
1909,99,false,0,2
1910,99,false,0,2
1911,99,false,0,3
1912,99,false,0,3
1913,99,false,0,2
1914,99,false,0,2
1915,99,false,0,2
1916,99,false,0,2
1917,99,false,0,2
1918,99,false,0,2
1919,99,false,0,2
1920,99,false,0,1
1921,99,false,0,1
1922,99,false,0,1
1923,99,false,0,1
1924,99,false,0,1
1925,99,false,0,1
1926,99,false,0,1
1927,99,false,0,1
1928,99,false,0,1
1929,99,false,0,1
1930,99,false,0,1
1931,99,false,0,1
1932,99,false,0,1
1933,99,false,0,1
1934,99,false,0,1
1935,99,false,0,1
1936,99,false,0,1
1937,99,false,0,1
1938,99,false,0,1
1939,99,false,0,2
1940,99,false,0,2
1941,99,false,0,2
1942,99,false,0,2
1943,99,false,0,2
1944,99,false,0,2
1945,99,false,0,2
1946,99,false,0,2
1947,99,false,0,2
1948,99,false,0,2
1949,99,false,0,2
1950,99,false,0,2
1951,99,false,0,2
1952,99,false,0,2
1953,99,false,0,2
1954,99,false,0,2
1955,99,false,0,2
1956,99,false,0,2
1957,99,false,0,2
1958,99,false,0,2
1959,99,false,0,2
1960,99,false,0,2
1961,99,false,0,2
1962,99,false,0,2
1963,99,false,0,2
1964,99,false,0,2
1965,99,false,0,2
1966,99,false,0,2
1967,99,false,0,2
1968,99,false,0,1
1969,99,false,0,1
1970,99,false,0,1
1971,99,false,0,1
1972,99,false,0,1
1973,99,false,0,1
1974,99,false,0,1
1975,99,false,0,1
1976,99,false,0,1
1977,99,false,0,1
1978,99,false,0,1
1979,99,false,0,1
1980,99,false,0,1
1981,99,false,0,3
1982,99,false,0,3
1983,99,false,0,4
1984,99,false,0,4
1985,99,false,0,3
1986,99,false,0,3
1987,99,false,0,3
1988,99,false,0,3
1989,99,false,0,3
1990,99,false,0,3
1991,99,false,0,3
1992,99,false,0,3
1993,99,false,0,3
1994,99,false,0,2
1995,99,false,0,2
1996,99,false,0,2
1997,99,false,0,2
1998,99,false,0,2
1999,99,false,0,2
2000,99,false,0,2
2001,99,false,0,1
2002,99,false,0,1
2003,99,false,0,1
2004,99,false,0,1
2005,99,false,0,0
2006,99,false,0,0
2007,99,false,0,0
2008,99,false,0,0
2009,99,false,0,1
2010,99,false,0,1
2011,99,false,0,1
2012,99,false,0,1
2013,99,false,0,1
2014,99,false,0,1
2015,99,false,0,1
2016,99,false,0,1
2017,99,false,0,0
2018,99,false,0,0
2019,99,false,0,0
2020,99,false,0,0
2021,99,false,0,0
2022,99,false,0,0
2023,99,false,0,0
2024,99,false,0,0
2025,99,false,0,0
2026,99,false,0,0
2027,99,false,0,0
2028,99,false,0,0
2029,99,false,0,1
2030,99,false,0,1
2031,99,false,0,1
2032,99,false,0,1
2033,99,false,0,1
2034,99,false,0,1
2035,99,false,0,1
2036,99,false,0,1
2037,99,false,0,1
2038,99,false,0,1
2039,99,false,0,1
2040,99,false,0,1
2041,99,false,0,0
2042,99,false,0,0
2043,99,false,0,0
2044,99,false,0,0
2045,99,false,0,0
2046,99,false,0,0
2047,99,false,0,0
2048,99,false,0,0
2049,99,false,0,0
2050,99,false,0,0
2051,99,false,0,0
2052,99,false,0,0
2053,99,false,0,0
2054,99,false,0,0
2055,99,false,0,0
2056,99,false,0,0
2057,99,false,0,0
2058,99,false,0,0
2059,99,false,0,0
2060,99,false,0,0
2061,99,false,0,0
2062,99,false,0,0
2063,99,false,0,1
2064,99,false,0,1
2065,99,false,0,1
2066,99,false,0,1
2067,99,false,0,1
2068,99,false,0,2
2069,99,false,0,2
2070,99,false,0,1
2071,99,false,0,1
2072,99,false,0,1
2073,99,false,0,1
2074,99,false,0,1
2075,99,false,0,0
2076,99,false,0,0
2077,99,false,0,0
2078,99,false,0,0
2079,99,false,0,0
2080,99,false,0,0
2081,99,false,0,0
2082,99,false,0,0
2083,99,false,0,0
2084,99,false,0,0
2085,99,false,0,0
2086,99,false,0,0
2087,99,false,0,0
2088,99,false,0,0
2089,99,false,0,0
2090,99,false,0,0
2091,99,false,0,0
2092,99,false,0,0
2093,99,false,0,0
2094,99,false,0,0
2095,99,false,0,0
2096,99,false,0,0
2097,99,false,0,0
2098,99,false,0,0
2099,99,false,0,1
2100,99,false,0,1
2101,99,false,0,1
2102,99,false,0,1
2103,99,false,0,1
2104,99,false,0,1
2105,99,false,0,0
2106,99,false,0,0
2107,99,false,0,0
2108,99,false,0,0
2109,99,false,0,0
2110,99,false,0,0
2111,99,false,0,0
2112,99,false,0,0
2113,99,false,0,0
2114,99,false,0,0
2115,99,false,0,0
2116,99,false,0,0
2117,99,false,0,0
2118,99,false,0,0
2119,99,false,0,0
2120,99,false,0,0
2121,99,false,0,0
2122,99,false,0,0
2123,99,false,0,0
2124,99,false,0,0
2125,99,false,0,0
2126,99,false,0,1
2127,99,false,0,1
2128,99,false,0,1
2129,99,false,0,1
2130,99,false,0,1
2131,99,false,0,1
2132,99,false,0,1
2133,99,false,0,1
2134,99,false,0,1
2135,99,false,0,1
2136,99,false,0,1
2137,99,false,0,1
2138,99,false,0,1
2139,99,false,0,1
2140,99,false,0,2
2141,99,false,0,2
2142,99,false,0,1
2143,99,false,0,1
2144,99,false,0,1
2145,99,false,0,1
2146,99,false,0,1
2147,99,false,0,2
2148,99,false,0,1
2149,99,false,0,1
2150,99,false,0,2
2151,99,false,0,2
2152,99,false,0,2
2153,99,false,0,2
2154,99,false,0,3
2155,99,false,0,3
2156,99,false,0,3
2157,99,false,0,3
2158,99,false,0,2
2159,99,false,0,2
2160,99,false,0,2
2161,99,false,0,2
2162,99,false,0,1
2163,99,false,0,1
2164,99,false,0,1
2165,99,false,0,1
2166,99,false,0,1
2167,99,false,0,1
2168,99,false,0,1
2169,99,false,0,1
2170,99,false,0,1
2171,99,false,0,1
2172,99,false,0,1
2173,99,false,0,1
2174,99,false,0,1
2175,99,false,0,1
2176,99,false,0,1
2177,99,false,0,1
2178,99,false,0,1
2179,99,false,0,1
2180,99,false,0,1
2181,99,false,0,1
2182,99,false,0,1
2183,99,false,0,1
2184,99,false,0,1
2185,99,false,0,1
2186,99,false,0,1
2187,99,false,0,1
2188,99,false,0,1
2189,99,false,0,1
2190,99,false,0,2
2191,99,false,0,2
2192,99,false,0,2
2193,99,false,0,2
2194,99,false,0,4
2195,99,false,0,4
2196,99,false,0,4
2197,99,false,0,4
2198,99,false,0,4
2199,99,false,0,4
2200,99,false,0,4
2201,99,false,0,4
2202,99,false,0,4
2203,99,false,0,4
2204,99,false,0,4
2205,99,false,0,5
2206,99,false,0,6
2207,99,false,0,6
2208,99,false,0,6
2209,99,false,0,6
2210,99,false,0,6
2211,99,false,0,6
2212,99,false,0,5
2213,99,false,0,5
2214,99,false,0,5
2215,99,false,0,5
2216,99,false,0,5
2217,99,false,0,5
2218,99,false,0,4
2219,99,false,0,4
2220,99,false,0,3
2221,99,false,0,3
2222,99,false,0,3
2223,99,false,0,4
2224,99,false,0,4
2225,99,false,0,4
2226,99,false,0,4
2227,99,false,0,4
2228,99,false,0,4
2229,99,false,0,4
2230,99,false,0,4
2231,99,false,0,5
2232,99,false,0,4
2233,99,false,0,3
2234,99,false,0,3
2235,99,false,0,4
2236,99,false,0,4
2237,99,false,0,4
2238,99,false,0,4
2239,99,false,0,5
2240,99,false,0,5
2241,99,false,0,5
2242,99,false,0,5
2243,99,false,0,5
2244,99,false,0,5
2245,99,false,0,6
2246,99,false,0,6
2247,99,false,0,6
2248,99,false,0,6
2249,99,false,0,6
2250,99,false,0,6
2251,99,false,0,4
2252,99,false,0,4
2253,99,false,0,3
2254,99,false,0,3
2255,99,false,0,3
2256,99,false,0,3
2257,99,false,0,3
2258,99,false,0,3
2259,99,false,0,3
2260,99,false,0,3
2261,99,false,0,3
2262,99,false,0,2
2263,99,false,0,2
2264,99,false,0,2
2265,99,false,0,3
2266,99,false,0,3
2267,99,false,0,3
2268,99,false,0,3
2269,99,false,0,3
2270,99,false,0,3
2271,99,false,0,3
2272,99,false,0,2
2273,99,false,0,2
2274,99,false,0,2
2275,99,false,0,2
2276,99,false,0,2
2277,99,false,0,2
2278,99,false,0,2
2279,99,false,0,1
2280,99,false,0,1
2281,99,false,0,1
2282,99,false,0,1
2283,99,false,0,1
2284,99,false,0,1
2285,99,false,0,1
2286,99,false,0,2
2287,99,false,0,2
2288,99,false,0,1
2289,99,false,0,1
2290,99,false,0,1
2291,99,false,0,1
2292,99,false,0,1
2293,99,false,0,1
2294,99,false,0,1
2295,99,false,0,0
2296,99,false,0,0
2297,99,false,0,0
2298,99,false,0,0
2299,99,false,0,0
2300,99,false,0,0
2301,99,false,0,0
2302,99,false,0,0
2303,99,false,0,0
2304,99,false,0,0
2305,99,false,0,0
2306,99,false,0,0
2307,99,false,0,1
2308,99,false,0,1
2309,99,false,0,3
2310,99,false,0,2
2311,99,false,0,2
2312,99,false,0,2
2313,99,false,0,2
2314,99,false,0,2
2315,99,false,0,2
2316,99,false,0,2
2317,99,false,0,1
2318,99,false,0,1
2319,99,false,0,1
2320,99,false,0,2
2321,99,false,0,2
2322,99,false,0,2
2323,99,false,0,2
2324,99,false,0,1
2325,99,false,0,1
2326,99,false,0,1
2327,99,false,0,0
2328,99,false,0,0
2329,99,false,0,0
2330,99,false,0,0
2331,99,false,0,0
2332,99,false,0,0
2333,99,false,0,0
2334,99,false,0,0
2335,99,false,0,0
2336,99,false,0,0
2337,99,false,0,0
2338,99,false,0,0
2339,99,false,0,0
2340,99,false,0,0
2341,99,false,0,0
2342,99,false,0,0
2343,99,false,0,0
2344,99,false,0,0
2345,99,false,0,0
2346,99,false,0,0
2347,99,false,0,0
2348,99,false,0,0
2349,99,false,0,0
2350,99,false,0,0
2351,99,false,0,0
2352,99,false,0,0
2353,99,false,0,0
2354,99,false,0,0
2355,99,false,0,0
2356,99,false,0,0
2357,99,false,0,0
2358,99,false,0,0
2359,99,false,0,0
2360,99,false,0,0
2361,99,false,0,0
2362,99,false,0,0
2363,99,false,0,0
2364,99,false,0,0
2365,99,false,0,0
2366,99,false,0,0
2367,99,false,0,0
2368,99,false,0,0
2369,99,false,0,0
2370,99,false,0,0
2371,99,false,0,0
2372,99,false,0,0
2373,99,false,0,0
2374,99,false,0,1
2375,99,false,0,2
2376,99,false,0,2
2377,99,false,0,2
2378,99,false,0,2
2379,99,false,0,2
2380,99,false,0,2
2381,99,false,0,2
2382,99,false,0,2
2383,99,false,0,2
2384,99,false,0,1
2385,99,false,0,1
2386,99,false,0,1
2387,99,false,0,1
2388,99,false,0,1
2389,99,false,0,0
2390,99,false,0,0
2391,99,false,0,0
2392,99,false,0,0
2393,99,false,0,0
2394,99,false,0,0
2395,99,false,0,0
2396,99,false,0,0
2397,99,false,0,1
2398,99,false,0,1
2399,99,false,0,1
2400,99,false,0,1
2401,99,false,0,1
2402,99,false,0,1
2403,99,false,0,1
2404,99,false,0,1
2405,99,false,0,1
2406,99,false,0,0
2407,99,false,0,0
2408,99,false,0,0
2409,99,false,0,0
2410,99,false,0,0
2411,99,false,0,1
2412,99,false,0,1
2413,99,false,0,2
2414,99,false,0,2
2415,99,false,0,2
2416,99,false,0,2
2417,99,false,0,2
2418,99,false,0,2
2419,99,false,0,2
2420,99,false,0,2
2421,99,false,0,3
2422,99,false,0,3
2423,99,false,0,3
2424,99,false,0,4
2425,99,false,0,4
2426,99,false,0,3
2427,99,false,0,3
2428,99,false,0,5
2429,99,false,0,5
2430,99,false,0,4
2431,99,false,0,4
2432,99,false,0,3
2433,99,false,0,3
2434,99,false,0,3
2435,99,false,0,3
2436,99,false,0,3
2437,99,false,0,3
2438,99,false,0,3
2439,99,false,0,3
2440,99,false,0,3
2441,99,false,0,3
2442,99,false,0,3
2443,99,false,0,3
2444,99,false,0,3
2445,99,false,0,3
2446,99,false,0,3
2447,99,false,0,1
2448,99,false,0,1
2449,99,false,0,1
2450,99,false,0,2
2451,99,false,0,2
2452,99,false,0,3
2453,99,false,0,3
2454,99,false,0,3
2455,99,false,0,3
2456,99,false,0,3
2457,99,false,0,3
2458,99,false,0,3
2459,99,false,0,3
2460,99,false,0,3
2461,99,false,0,3
2462,99,false,0,3
2463,99,false,0,3
2464,99,false,0,3
2465,99,false,0,3
2466,99,false,0,3
2467,99,false,0,3
2468,99,false,0,3
2469,99,false,0,1
2470,99,false,0,2
2471,99,false,0,2
2472,99,false,0,2
2473,99,false,0,2
2474,99,false,0,2
2475,99,false,0,2
2476,99,false,0,2
2477,99,false,0,2
2478,99,false,0,2
2479,99,false,0,2
2480,99,false,0,2
2481,99,false,0,1
2482,99,false,0,1
2483,99,false,0,1
2484,99,false,0,1
2485,99,false,0,0
2486,99,false,0,0
2487,99,false,0,0
2488,99,false,0,0
2489,99,false,0,0
2490,99,false,0,0
2491,99,false,0,0
2492,99,false,0,0
2493,99,false,0,0
2494,99,false,0,0
2495,99,false,0,0
2496,99,false,0,0
2497,99,false,0,0
2498,99,false,0,0
2499,99,false,0,0
2500,99,false,0,0
2501,99,false,0,0
2502,99,false,0,0
2503,99,false,0,0
2504,99,false,0,0
2505,99,false,0,1
2506,99,false,0,0
2507,99,false,0,0
2508,99,false,0,0
2509,99,false,0,0
2510,99,false,0,0
2511,99,false,0,0
2512,99,false,0,0
2513,99,false,0,0
2514,99,false,0,0
2515,99,false,0,0
2516,99,false,0,0
2517,99,false,0,0
2518,99,false,0,1
2519,99,false,0,1
2520,99,false,0,0
2521,99,false,0,1
2522,99,false,0,0
2523,99,false,0,0
2524,99,false,0,0
2525,99,false,0,0
2526,99,false,0,0
2527,99,false,0,0
2528,99,false,0,0
2529,99,false,0,0
2530,99,false,0,0
2531,99,false,0,0
2532,99,false,0,0
2533,99,false,0,0
2534,99,false,0,0
2535,99,false,0,0
2536,99,false,0,1
2537,99,false,0,1
2538,99,false,0,2
2539,99,false,0,2
2540,99,false,0,3
2541,99,false,0,3
2542,99,false,0,2
2543,99,false,0,3
2544,99,false,0,3
2545,99,false,0,3
2546,99,false,0,3
2547,99,false,0,3
2548,99,false,0,3
2549,99,false,0,4
2550,99,false,0,4
2551,99,false,0,4
2552,99,false,0,4
2553,99,false,0,3
2554,99,false,0,3
2555,99,false,0,3
2556,99,false,0,3
2557,99,false,0,3
2558,99,false,0,3
2559,99,false,0,3
2560,99,false,0,3
2561,99,false,0,2
2562,99,false,0,2
2563,99,false,0,2
2564,99,false,0,2
2565,99,false,0,2
2566,99,false,0,2
2567,99,false,0,2
2568,99,false,0,2
2569,99,false,0,2
2570,99,false,0,2
2571,99,false,0,2
2572,99,false,0,2
2573,99,false,0,2
2574,99,false,0,2
2575,99,false,0,2
2576,99,false,0,3
2577,99,false,0,3
2578,99,false,0,3
2579,99,false,0,3
2580,99,false,0,3
2581,99,false,0,3
2582,99,false,0,3
2583,99,false,0,4
2584,99,false,0,4
2585,99,false,0,5
2586,99,false,0,4
2587,99,false,0,4
2588,99,false,0,4
2589,99,false,0,4
2590,99,false,0,4
2591,99,false,0,4
2592,99,false,0,3
2593,99,false,0,3
2594,99,false,0,2
2595,99,false,0,2
2596,99,false,0,2
2597,99,false,0,2
2598,99,false,0,2
2599,99,false,0,2
2600,99,false,0,2
2601,99,false,0,2
2602,99,false,0,2
2603,99,false,0,2
2604,99,false,0,2
2605,99,false,0,2
2606,99,false,0,2
2607,99,false,0,2
2608,99,false,0,2
2609,99,false,0,2
2610,99,false,0,2
2611,99,false,0,3
2612,99,false,0,3
2613,99,false,0,4
2614,99,false,0,4
2615,99,false,0,4
2616,99,false,0,4
2617,99,false,0,4
2618,99,false,0,4
2619,99,false,0,3
2620,99,false,0,3
2621,99,false,0,3
2622,99,false,0,3
2623,99,false,0,3
2624,99,false,0,3
2625,99,false,0,3
2626,99,false,0,3
2627,99,false,0,3
2628,99,false,0,3
2629,99,false,0,3
2630,99,false,0,2
2631,99,false,0,2
2632,99,false,0,2
2633,99,false,0,2
2634,99,false,0,2
2635,99,false,0,2
2636,99,false,0,2
2637,99,false,0,2
2638,99,false,0,2
2639,99,false,0,2
2640,99,false,0,1
2641,99,false,0,1
2642,99,false,0,2
2643,99,false,0,2
2644,99,false,0,2
2645,99,false,0,3
2646,99,false,0,2
2647,99,false,0,2
2648,99,false,0,2
2649,99,false,0,1
2650,99,false,0,1
2651,99,false,0,1
2652,99,false,0,1
2653,99,false,0,1
2654,99,false,0,1
2655,99,false,0,1
2656,99,false,0,1
2657,99,false,0,1
2658,99,false,0,1
2659,99,false,0,1
2660,99,false,0,1
2661,99,false,0,1
2662,99,false,0,1
2663,99,false,0,1
2664,99,false,0,2
2665,99,false,0,1
2666,99,false,0,1
2667,99,false,0,1
2668,99,false,0,1
2669,99,false,0,1
2670,99,false,0,2
2671,99,false,0,2
2672,99,false,0,3
2673,99,false,0,2
2674,99,false,0,2
2675,99,false,0,2
2676,99,false,0,2
2677,99,false,0,2
2678,99,false,0,2
2679,99,false,0,2
2680,99,false,0,2
2681,99,false,0,2
2682,99,false,0,2
2683,99,false,0,1
2684,99,false,0,1
2685,99,false,0,0
2686,99,false,0,0
2687,99,false,0,0
2688,99,false,0,0
2689,99,false,0,0
2690,99,false,0,0
2691,99,false,0,0
2692,99,false,0,0
2693,99,false,0,1
2694,99,false,0,1
2695,99,false,0,1
2696,99,false,0,1
2697,99,false,0,2
2698,99,false,0,2
2699,99,false,0,2
2700,99,false,0,1
2701,99,false,0,1
2702,99,false,0,1
2703,99,false,0,1
2704,99,false,0,2
2705,99,false,0,2
2706,99,false,0,2
2707,99,false,0,3
2708,99,false,0,3
2709,99,false,0,2
2710,99,false,0,2
2711,99,false,0,2
2712,99,false,0,2
2713,99,false,0,2
2714,99,false,0,2
2715,99,false,0,2
2716,99,false,0,2
2717,99,false,0,2
2718,99,false,0,2
2719,99,false,0,2
2720,99,false,0,1
2721,99,false,0,2
2722,99,false,0,2
2723,99,false,0,2
2724,99,false,0,2
2725,99,false,0,2
2726,99,false,0,2
2727,99,false,0,2
2728,99,false,0,2
2729,99,false,0,2
2730,99,false,0,1
2731,99,false,0,1
2732,99,false,0,1
2733,99,false,0,1
2734,99,false,0,1
2735,99,false,0,1
2736,99,false,0,1
2737,99,false,0,1
2738,99,false,0,1
2739,99,false,0,1
2740,99,false,0,1
2741,99,false,0,0
2742,99,false,0,0
2743,99,false,0,0
2744,99,false,0,0
2745,99,false,0,0
2746,99,false,0,0
2747,99,false,0,0
2748,99,false,0,0
2749,99,false,0,0
2750,99,false,0,0
2751,99,false,0,1
2752,99,false,0,1
2753,99,false,0,2
2754,99,false,0,2
2755,99,false,0,2
2756,99,false,0,2
2757,99,false,0,2
2758,99,false,0,2
2759,99,false,0,2
2760,99,false,0,2
2761,99,false,0,2
2762,99,false,0,1
2763,99,false,0,1
2764,99,false,0,1
2765,99,false,0,1
2766,99,false,0,1
2767,99,false,0,1
2768,99,false,0,1
2769,99,false,0,1
2770,99,false,0,1
2771,99,false,0,1
2772,99,false,0,1
2773,99,false,0,1
2774,99,false,0,1
2775,99,false,0,1
2776,99,false,0,1
2777,99,false,0,2
2778,99,false,0,3
2779,99,false,0,2
2780,99,false,0,2
2781,99,false,0,2
2782,99,false,0,1
2783,99,false,0,1
2784,99,false,0,1
2785,99,false,0,1
2786,99,false,0,1
2787,99,false,0,1
2788,99,false,0,1
2789,99,false,0,1
2790,99,false,0,1
2791,99,false,0,1
2792,99,false,0,1
2793,99,false,0,1
2794,99,false,0,1
2795,99,false,0,0
2796,99,false,0,0
2797,99,false,0,0
2798,99,false,0,0
2799,99,false,0,0
2800,99,false,0,0
2801,99,false,0,0
2802,99,false,0,0
2803,99,false,0,0
2804,99,false,0,0
2805,99,false,0,0
2806,99,false,0,0
2807,99,false,0,0
2808,99,false,0,0
2809,99,false,0,0
2810,99,false,0,0
2811,99,false,0,0
2812,99,false,0,0
2813,99,false,0,0
2814,99,false,0,0
2815,99,false,0,0
2816,99,false,0,1
2817,99,false,0,1
2818,99,false,0,1
2819,99,false,0,2
2820,99,false,0,1
2821,99,false,0,1
2822,99,false,0,0
2823,99,false,0,0
2824,99,false,0,1
2825,99,false,0,2
2826,99,false,0,2
2827,99,false,0,2
2828,99,false,0,2
2829,99,false,0,2
2830,99,false,0,2
2831,99,false,0,1
2832,99,false,0,1
2833,99,false,0,1
2834,99,false,0,1
2835,99,false,0,1
2836,99,false,0,1
2837,99,false,0,1
2838,99,false,0,2
2839,99,false,0,2
2840,99,false,0,2
2841,99,false,0,2
2842,99,false,0,2
2843,99,false,0,3
2844,99,false,0,3
2845,99,false,0,3
2846,99,false,0,2
2847,99,false,0,1
2848,99,false,0,1
2849,99,false,0,1
2850,99,false,0,1
2851,99,false,0,1
2852,99,false,0,1
2853,99,false,0,1
2854,99,false,0,0
2855,99,false,0,0
2856,99,false,0,1
2857,99,false,0,1
2858,99,false,0,1
2859,99,false,0,1
2860,99,false,0,1
2861,99,false,0,1
2862,99,false,0,1
2863,99,false,0,1
2864,99,false,0,1
2865,99,false,0,1
2866,99,false,0,1
2867,99,false,0,1
2868,99,false,0,1
2869,99,false,0,1
2870,99,false,0,1
2871,99,false,0,1
2872,99,false,0,1
2873,99,false,0,1
2874,99,false,0,2
2875,99,false,0,2
2876,99,false,0,2
2877,99,false,0,2
2878,99,false,0,2
2879,99,false,0,2
2880,99,false,0,2
2881,99,false,0,2
2882,99,false,0,2
2883,99,false,0,2
2884,99,false,0,2
2885,99,false,0,2
2886,99,false,0,2
2887,99,false,0,2
2888,99,false,0,1
2889,99,false,0,1
2890,99,false,0,1
2891,99,false,0,2
2892,99,false,0,2
2893,99,false,0,1
2894,99,false,0,1
2895,99,false,0,1
2896,99,false,0,1
2897,99,false,0,1
2898,99,false,0,1
2899,99,false,0,2
2900,99,false,0,2
2901,99,false,0,2
2902,99,false,0,2
2903,99,false,0,3
2904,99,false,0,2
2905,99,false,0,2
2906,99,false,0,2
2907,99,false,0,2
2908,99,false,0,2
2909,99,false,0,2
2910,99,false,0,2
2911,99,false,0,2
2912,99,false,0,3
2913,99,false,0,3
2914,99,false,0,3
2915,99,false,0,3
2916,99,false,0,3
2917,99,false,0,2
2918,99,false,0,2
2919,99,false,0,2
2920,99,false,0,2
2921,99,false,0,1
2922,99,false,0,2
2923,99,false,0,2
2924,99,false,0,1
2925,99,false,0,1
2926,99,false,0,2
2927,99,false,0,2
2928,99,false,0,2
2929,99,false,0,2
2930,99,false,0,2
2931,99,false,0,2
2932,99,false,0,2
2933,99,false,0,1
2934,99,false,0,1
2935,99,false,0,1
2936,99,false,0,1
2937,99,false,0,1
2938,99,false,0,1
2939,99,false,0,0
2940,99,false,0,0
2941,99,false,0,0
2942,99,false,0,0
2943,99,false,0,0
2944,99,false,0,0
2945,99,false,0,0
2946,99,false,0,0
2947,99,false,0,0
2948,99,false,0,0
2949,99,false,0,0
2950,99,false,0,0
2951,99,false,0,0
2952,99,false,0,0
2953,99,false,0,0
2954,99,false,0,0
2955,99,false,0,0
2956,99,false,0,0
2957,99,false,0,0
2958,99,false,0,0
2959,99,false,0,0
2960,99,false,0,0
2961,99,false,0,0
2962,99,false,0,0
2963,99,false,0,0
2964,99,false,0,0
2965,99,false,0,0
2966,99,false,0,0
2967,99,false,0,0
2968,99,false,0,0
2969,99,false,0,0
2970,99,false,0,0
2971,99,false,0,0
2972,99,false,0,0
2973,99,false,0,0
2974,99,false,0,0
2975,99,false,0,0
2976,99,false,0,0
2977,99,false,0,0
2978,99,false,0,0
2979,99,false,0,0
2980,99,false,0,0
2981,99,false,0,0
2982,99,false,0,0
2983,99,false,0,0
2984,99,false,0,0
2985,99,false,0,0
2986,99,false,0,0
2987,99,false,0,0
2988,99,false,0,0
2989,99,false,0,0
2990,99,false,0,0
2991,99,false,0,0
2992,99,false,0,0
2993,99,false,0,0
2994,99,false,0,0
2995,99,false,0,0
2996,99,false,0,0
2997,99,false,0,0
2998,99,false,0,0
2999,99,false,0,0
3000,99,false,0,1
3001,99,false,0,1
3002,99,false,0,1
3003,99,false,0,2
3004,99,false,0,2
3005,99,false,0,1
3006,99,false,0,1
3007,99,false,0,1
3008,99,false,0,1
3009,99,false,0,2
3010,99,false,0,2
3011,99,false,0,2
3012,99,false,0,2
3013,99,false,0,1
3014,99,false,0,1
3015,99,false,0,1
3016,99,false,0,2
3017,99,false,0,2
3018,99,false,0,2
3019,99,false,0,2
3020,99,false,0,2
3021,99,false,0,2
3022,99,false,0,1
3023,99,false,0,1
3024,99,false,0,1
3025,99,false,0,2
3026,99,false,0,2
3027,99,false,0,2
3028,99,false,0,1
3029,99,false,0,1
3030,99,false,0,1
3031,99,false,0,1
3032,99,false,0,1
3033,99,false,0,1
3034,99,false,0,1
3035,99,false,0,1
3036,99,false,0,3
3037,99,false,0,2
3038,99,false,0,2
3039,99,false,0,2
3040,99,false,0,2
3041,99,false,0,2
3042,99,false,0,1
3043,99,false,0,2
3044,99,false,0,3
3045,99,false,0,3
3046,99,false,0,3
3047,99,false,0,3
3048,99,false,0,3
3049,99,false,0,2
3050,99,false,0,2
3051,99,false,0,3
3052,99,false,0,3
3053,99,false,0,4
3054,99,false,0,4
3055,99,false,0,4
3056,99,false,0,4
3057,99,false,0,3
3058,99,false,0,3
3059,99,false,0,3
3060,99,false,0,3
3061,99,false,0,3
3062,99,false,0,3
3063,99,false,0,3
3064,99,false,0,3
3065,99,false,0,3
3066,99,false,0,3
3067,99,false,0,3
3068,99,false,0,2
3069,99,false,0,2
3070,99,false,0,2
3071,99,false,0,2
3072,99,false,0,3
3073,99,false,0,2
3074,99,false,0,2
3075,99,false,0,2
3076,99,false,0,1
3077,99,false,0,1
3078,99,false,0,1
3079,99,false,0,1
3080,99,false,0,1
3081,99,false,0,1
3082,99,false,0,1
3083,99,false,0,1
3084,99,false,0,1
3085,99,false,0,1
3086,99,false,0,1
3087,99,false,0,1
3088,99,false,0,1
3089,99,false,0,1
3090,99,false,0,1
3091,99,false,0,1
3092,99,false,0,1
3093,99,false,0,1
3094,99,false,0,1
3095,99,false,0,1
3096,99,false,0,1
3097,99,false,0,1
3098,99,false,0,1
3099,99,false,0,1
3100,99,false,0,1
3101,99,false,0,1
3102,99,false,0,1
3103,99,false,0,1
3104,99,false,0,1
3105,99,false,0,1
3106,99,false,0,1
3107,99,false,0,1
3108,99,false,0,1
3109,99,false,0,1
3110,99,false,0,1
3111,99,false,0,1
3112,99,false,0,1
3113,99,false,0,1
3114,99,false,0,1
3115,99,false,0,0
3116,99,false,0,0
3117,99,false,0,2
3118,99,false,0,2
3119,99,false,0,2
3120,99,false,0,2
3121,99,false,0,2
3122,99,false,0,2
3123,99,false,0,2
3124,99,false,0,2
3125,99,false,0,2
3126,99,false,0,2
3127,99,false,0,2
3128,99,false,0,2
3129,99,false,0,2
3130,99,false,0,2
3131,99,false,0,2
3132,99,false,0,2
3133,99,false,0,2
3134,99,false,0,2
3135,99,false,0,2
3136,99,false,0,2
3137,99,false,0,2
3138,99,false,0,2
3139,99,false,0,2
3140,99,false,0,2
3141,99,false,0,2
3142,99,false,0,2
3143,99,false,0,1
3144,99,false,0,1
3145,99,false,0,1
3146,99,false,0,1
3147,99,false,0,1
3148,99,false,0,1
3149,99,false,0,1
3150,99,false,0,1
3151,99,false,0,1
3152,99,false,0,1
3153,99,false,0,1
3154,99,false,0,1
3155,99,false,0,1
3156,99,false,0,1
3157,99,false,0,1
3158,99,false,0,1
3159,99,false,0,2
3160,99,false,0,2
3161,99,false,0,2
3162,99,false,0,2
3163,99,false,0,2
3164,99,false,0,2
3165,99,false,0,2
3166,99,false,0,2
3167,99,false,0,2
3168,99,false,0,2
3169,99,false,0,2
3170,99,false,0,2
3171,99,false,0,2
3172,99,false,0,2
3173,99,false,0,2
3174,99,false,0,3
3175,99,false,0,3
3176,99,false,0,3
3177,99,false,0,3
3178,99,false,0,3
3179,99,false,0,3
3180,99,false,0,3
3181,99,false,0,3
3182,99,false,0,3
3183,99,false,0,4
3184,99,false,0,3
3185,99,false,0,2
3186,99,false,0,2
3187,99,false,0,2
3188,99,false,0,2
3189,99,false,0,2
3190,99,false,0,2
3191,99,false,0,2
3192,99,false,0,2
3193,99,false,0,2
3194,99,false,0,2
3195,99,false,0,2
3196,99,false,0,1
3197,99,false,0,1
3198,99,false,0,1
3199,99,false,0,1
3200,99,false,0,1
3201,99,false,0,1
3202,99,false,0,1
3203,99,false,0,1
3204,99,false,0,2
3205,99,false,0,1
3206,99,false,0,1
3207,99,false,0,1
3208,99,false,0,2
3209,99,false,0,2
3210,99,false,0,2
3211,99,false,0,2
3212,99,false,0,2
3213,99,false,0,2
3214,99,false,0,1
3215,99,false,0,1
3216,99,false,0,1
3217,99,false,0,1
3218,99,false,0,1
3219,99,false,0,2
3220,99,false,0,2
3221,99,false,0,2
3222,99,false,0,2
3223,99,false,0,2
3224,99,false,0,2
3225,99,false,0,2
3226,99,false,0,1
3227,99,false,0,1
3228,99,false,0,1
3229,99,false,0,1
3230,99,false,0,1
3231,99,false,0,1
3232,99,false,0,1
3233,99,false,0,1
3234,99,false,0,1
3235,99,false,0,1
3236,99,false,0,1
3237,99,false,0,1
3238,99,false,0,1
3239,99,false,0,1
3240,99,false,0,1
3241,99,false,0,1
3242,99,false,0,1
3243,99,false,0,2
3244,99,false,0,2
3245,99,false,0,2
3246,99,false,0,2
3247,99,false,0,2
3248,99,false,0,2
3249,99,false,0,2
3250,99,false,0,3
3251,99,false,0,3
3252,99,false,0,3
3253,99,false,0,3
3254,99,false,0,3
3255,99,false,0,1
3256,99,false,0,1
3257,99,false,0,1
3258,99,false,0,1
3259,99,false,0,1
3260,99,false,0,1
3261,99,false,0,1
3262,99,false,0,1
3263,99,false,0,1
3264,99,false,0,1
3265,99,false,0,1
3266,99,false,0,1
3267,99,false,0,1
3268,99,false,0,1
3269,99,false,0,0
3270,99,false,0,0
3271,99,false,0,0
3272,99,false,0,0
3273,99,false,0,0
3274,99,false,0,0
3275,99,false,0,1
3276,99,false,0,1
3277,99,false,0,1
3278,99,false,0,1
3279,99,false,0,1
3280,99,false,0,1
3281,99,false,0,1
3282,99,false,0,1
3283,99,false,0,1
3284,99,false,0,1
3285,99,false,0,1
3286,99,false,0,1
3287,99,false,0,1
3288,99,false,0,1
3289,99,false,0,1
3290,99,false,0,1
3291,99,false,0,1
3292,99,false,0,1
3293,99,false,0,1
3294,99,false,0,1
3295,99,false,0,1
3296,99,false,0,1
3297,99,false,0,1
3298,99,false,0,1
3299,99,false,0,1
3300,99,false,0,1
3301,99,false,0,2
3302,99,false,0,2
3303,99,false,0,2
3304,99,false,0,2
3305,99,false,0,2
3306,99,false,0,2
3307,99,false,0,1
3308,99,false,0,1
3309,99,false,0,1
3310,99,false,0,1
3311,99,false,0,2
3312,99,false,0,2
3313,99,false,0,2
3314,99,false,0,2
3315,99,false,0,2
3316,99,false,0,2
3317,99,false,0,2
3318,99,false,0,2
3319,99,false,0,2
3320,99,false,0,2
3321,99,false,0,3
3322,99,false,0,3
3323,99,false,0,3
3324,99,false,0,2
3325,99,false,0,1
3326,99,false,0,1
3327,99,false,0,1
3328,99,false,0,1
3329,99,false,0,1
3330,99,false,0,1
3331,99,false,0,1
3332,99,false,0,1
3333,99,false,0,1
3334,99,false,0,1
3335,99,false,0,1
3336,99,false,0,1
3337,99,false,0,1
3338,99,false,0,0
3339,99,false,0,0
3340,99,false,0,0
3341,99,false,0,0
3342,99,false,0,1
3343,99,false,0,1
3344,99,false,0,1
3345,99,false,0,1
3346,99,false,0,1
3347,99,false,0,1
3348,99,false,0,1
3349,99,false,0,1
3350,99,false,0,1
3351,99,false,0,1
3352,99,false,0,1
3353,99,false,0,0
3354,99,false,0,0
3355,99,false,0,0
3356,99,false,0,0
3357,99,false,0,0
3358,99,false,0,0
3359,99,false,0,0
3360,99,false,0,0
3361,99,false,0,0
3362,99,false,0,0
3363,99,false,0,0
3364,99,false,0,0
3365,99,false,0,0
3366,99,false,0,0
3367,99,false,0,0
3368,99,false,0,0
3369,99,false,0,0
3370,99,false,0,0
3371,99,false,0,0
3372,99,false,0,0
3373,99,false,0,0
3374,99,false,0,0
3375,99,false,0,0
3376,99,false,0,0
3377,99,false,0,0
3378,99,false,0,0
3379,99,false,0,0
3380,99,false,0,2
3381,99,false,0,2
3382,99,false,0,1
3383,99,false,0,1
3384,99,false,0,1
3385,99,false,0,1
3386,99,false,0,1
3387,99,false,0,1
3388,99,false,0,1
3389,99,false,0,1
3390,99,false,0,1
3391,99,false,0,1
3392,99,false,0,0
3393,99,false,0,0
3394,99,false,0,0
3395,99,false,0,0
3396,99,false,0,0
3397,99,false,0,0
3398,99,false,0,0
3399,99,false,0,0
3400,99,false,0,0
3401,99,false,0,0
3402,99,false,0,0
3403,99,false,0,0
3404,99,false,0,0
3405,99,false,0,0
3406,99,false,0,0
3407,99,false,0,0
3408,99,false,0,0
3409,99,false,0,0
3410,99,false,0,0
3411,99,false,0,0
3412,99,false,0,0
3413,99,false,0,0
3414,99,false,0,0
3415,99,false,0,0
3416,99,false,0,1
3417,99,false,0,1
3418,99,false,0,1
3419,99,false,0,1
3420,99,false,0,0
3421,99,false,0,0
3422,99,false,0,0
3423,99,false,0,0
3424,99,false,0,0
3425,99,false,0,0
3426,99,false,0,0
3427,99,false,0,0
3428,99,false,0,0
3429,99,false,0,1
3430,99,false,0,1
3431,99,false,0,1
3432,99,false,0,1
3433,99,false,0,0
3434,99,false,0,0
3435,99,false,0,0
3436,99,false,0,1
3437,99,false,0,1
3438,99,false,0,1
3439,99,false,0,1
3440,99,false,0,1
3441,99,false,0,1
3442,99,false,0,1
3443,99,false,0,1
3444,99,false,0,1
3445,99,false,0,1
3446,99,false,0,1
3447,99,false,0,1
3448,99,false,0,1
3449,99,false,0,2
3450,99,false,0,2
3451,99,false,0,2
3452,99,false,0,2
3453,99,false,0,0
3454,99,false,0,0
3455,99,false,0,0
3456,99,false,0,0
3457,99,false,0,0
3458,99,false,0,0
3459,99,false,0,0
3460,99,false,0,0
3461,99,false,0,0
3462,99,false,0,0
3463,99,false,0,0
3464,99,false,0,1
3465,99,false,0,1
3466,99,false,0,2
3467,99,false,0,2
3468,99,false,0,2
3469,99,false,0,2
3470,99,false,0,1
3471,99,false,0,1
3472,99,false,0,2
3473,99,false,0,2
3474,99,false,0,2
3475,99,false,0,2
3476,99,false,0,2
3477,99,false,0,2
3478,99,false,0,2
3479,99,false,0,3
3480,99,false,0,3
3481,99,false,0,3
3482,99,false,0,3
3483,99,false,0,3
3484,99,false,0,4
3485,99,false,0,4
3486,99,false,0,4
3487,99,false,0,4
3488,99,false,0,4
3489,99,false,0,4
3490,99,false,0,3
3491,99,false,0,3
3492,99,false,0,2
3493,99,false,0,2
3494,99,false,0,2
3495,99,false,0,2
3496,99,false,0,2
3497,99,false,0,2
3498,99,false,0,2
3499,99,false,0,1
3500,99,false,0,1
3501,99,false,0,1
3502,99,false,0,0
3503,99,false,0,0
3504,99,false,0,0
3505,99,false,0,0
3506,99,false,0,0
3507,99,false,0,0
3508,99,false,0,1
3509,99,false,0,1
3510,99,false,0,1
3511,99,false,0,1
3512,99,false,0,1
3513,99,false,0,1
3514,99,false,0,0
3515,99,false,0,0
3516,99,false,0,0
3517,99,false,0,0
3518,99,false,0,0
3519,99,false,0,0
3520,99,false,0,0
3521,99,false,0,0
3522,99,false,0,1
3523,99,false,0,1
3524,99,false,0,1
3525,99,false,0,2
3526,99,false,0,2
3527,99,false,0,3
3528,99,false,0,4
3529,99,false,0,4
3530,99,false,0,4
3531,99,false,0,4
3532,99,false,0,4
3533,99,false,0,3
3534,99,false,0,3
3535,99,false,0,3
3536,99,false,0,3
3537,99,false,0,3
3538,99,false,0,3
3539,99,false,0,3
3540,99,false,0,3
3541,99,false,0,3
3542,99,false,0,2
3543,99,false,0,2
3544,99,false,0,2
3545,99,false,0,2
3546,99,false,0,2
3547,99,false,0,3
3548,99,false,0,3
3549,99,false,0,1
3550,99,false,0,1
3551,99,false,0,1
3552,99,false,0,1
3553,99,false,0,1
3554,99,false,0,1
3555,99,false,0,1
3556,99,false,0,1
3557,99,false,0,1
3558,99,false,0,1
3559,99,false,0,1
3560,99,false,0,1
3561,99,false,0,2
3562,99,false,0,2
3563,99,false,0,1
3564,99,false,0,2
3565,99,false,0,2
3566,99,false,0,2
3567,99,false,0,3
3568,99,false,0,3
3569,99,false,0,3
3570,99,false,0,3
3571,99,false,0,2
3572,99,false,0,2
3573,99,false,0,2
3574,99,false,0,2
3575,99,false,0,2
3576,99,false,0,2
3577,99,false,0,2
3578,99,false,0,2
3579,99,false,0,3
3580,99,false,0,1
3581,99,false,0,1
3582,99,false,0,2
3583,99,false,0,2
3584,99,false,0,3
3585,99,false,0,3
3586,99,false,0,3
3587,99,false,0,3
3588,99,false,0,3
3589,99,false,0,3
3590,99,false,0,2
3591,99,false,0,2
3592,99,false,0,1
3593,99,false,0,0
3594,99,false,0,0
3595,99,false,0,0
3596,99,false,0,0
3597,99,false,0,0
3598,99,false,0,0
3599,99,false,0,0
3600,99,false,0,0
3601,99,false,0,0
3602,99,false,0,0
3603,99,false,0,1
3604,99,false,0,1
3605,99,false,0,1
3606,99,false,0,1
3607,99,false,0,1
3608,99,false,0,1
3609,99,false,0,1
3610,99,false,0,2
3611,99,false,0,2
3612,99,false,0,2
3613,99,false,0,3
3614,99,false,0,3
3615,99,false,0,3
3616,99,false,0,2
3617,99,false,0,2
3618,99,false,0,2
3619,99,false,0,2
3620,99,false,0,3
3621,99,false,0,3
3622,99,false,0,3
3623,99,false,0,3
3624,99,false,0,4
3625,99,false,0,4
3626,99,false,0,3
3627,99,false,0,3
3628,99,false,0,3
3629,99,false,0,3
3630,99,false,0,2
3631,99,false,0,1
3632,99,false,0,1
3633,99,false,0,1
3634,99,false,0,1
3635,99,false,0,0
3636,99,false,0,0
3637,99,false,0,0
3638,99,false,0,0
3639,99,false,0,0
3640,99,false,0,1
3641,99,false,0,1
3642,99,false,0,1
3643,99,false,0,1
3644,99,false,0,1
3645,99,false,0,1
3646,99,false,0,1
3647,99,false,0,1
3648,99,false,0,1
3649,99,false,0,1
3650,99,false,0,1
3651,99,false,0,2
3652,99,false,0,2
3653,99,false,0,2
3654,99,false,0,2
3655,99,false,0,2
3656,99,false,0,2
3657,99,false,0,2
3658,99,false,0,4
3659,99,false,0,4
3660,99,false,0,3
3661,99,false,0,3
3662,99,false,0,3
3663,99,false,0,3
3664,99,false,0,3
3665,99,false,0,3
3666,99,false,0,2
3667,99,false,0,2
3668,99,false,0,2
3669,99,false,0,2
3670,99,false,0,2
3671,99,false,0,2
3672,99,false,0,2
3673,99,false,0,1
3674,99,false,0,1
3675,99,false,0,1
3676,99,false,0,1
3677,99,false,0,1
3678,99,false,0,1
3679,99,false,0,1
3680,99,false,0,0
3681,99,false,0,0
3682,99,false,0,0
3683,99,false,0,0
3684,99,false,0,0
3685,99,false,0,0
3686,99,false,0,0
3687,99,false,0,0
3688,99,false,0,0
3689,99,false,0,0
3690,99,false,0,0
3691,99,false,0,0
3692,99,false,0,0
3693,99,false,0,0
3694,99,false,0,0
3695,99,false,0,0
3696,99,false,0,0
3697,99,false,0,0
3698,99,false,0,0
3699,99,false,0,0
3700,99,false,0,0
3701,99,false,0,0
3702,99,false,0,0
3703,99,false,0,0
3704,99,false,0,0
3705,99,false,0,0
3706,99,false,0,0
3707,99,false,0,0
3708,99,false,0,2
3709,99,false,0,2
3710,99,false,0,2
3711,99,false,0,2
3712,99,false,0,1
3713,99,false,0,1
3714,99,false,0,1
3715,99,false,0,1
3716,99,false,0,1
3717,99,false,0,1
3718,99,false,0,1
3719,99,false,0,1
3720,99,false,0,1
3721,99,false,0,1
3722,99,false,0,1
3723,99,false,0,1
3724,99,false,0,3
3725,99,false,0,3
3726,99,false,0,3
3727,99,false,0,3
3728,99,false,0,3
3729,99,false,0,3
3730,99,false,0,3
3731,99,false,0,3
3732,99,false,0,3
3733,99,false,0,3
3734,99,false,0,3
3735,99,false,0,4
3736,99,false,0,4
3737,99,false,0,3
3738,99,false,0,3
3739,99,false,0,4
3740,99,false,0,4
3741,99,false,0,4
3742,99,false,0,3
3743,99,false,0,3
3744,99,false,0,2
3745,99,false,0,2
3746,99,false,0,2
3747,99,false,0,2
3748,99,false,0,2
3749,99,false,0,3
3750,99,false,0,3
3751,99,false,0,3
3752,99,false,0,3
3753,99,false,0,3
3754,99,false,0,4
3755,99,false,0,4
3756,99,false,0,4
3757,99,false,0,4
3758,99,false,0,4
3759,99,false,0,4
3760,99,false,0,5
3761,99,false,0,5
3762,99,false,0,5
3763,99,false,0,4
3764,99,false,0,4
3765,99,false,0,3
3766,99,false,0,3
3767,99,false,0,3
3768,99,false,0,3
3769,99,false,0,3
3770,99,false,0,2
3771,99,false,0,2
3772,99,false,0,2
3773,99,false,0,2
3774,99,false,0,2
3775,99,false,0,2
3776,99,false,0,2
3777,99,false,0,2
3778,99,false,0,2
3779,99,false,0,2
3780,99,false,0,2
3781,99,false,0,2
3782,99,false,0,2
3783,99,false,0,2
3784,99,false,0,2
3785,99,false,0,2
3786,99,false,0,3
3787,99,false,0,2
3788,99,false,0,3
3789,99,false,0,3
3790,99,false,0,3
3791,99,false,0,3
3792,99,false,0,3
3793,99,false,0,3
3794,99,false,0,3
3795,99,false,0,2
3796,99,false,0,2
3797,99,false,0,2
3798,99,false,0,2
3799,99,false,0,3
3800,99,false,0,3
3801,99,false,0,3
3802,99,false,0,3
3803,99,false,0,3
3804,99,false,0,3
3805,99,false,0,3
3806,99,false,0,3
3807,99,false,0,3
3808,99,false,0,3
3809,99,false,0,4
3810,99,false,0,4
3811,99,false,0,3
3812,99,false,0,3
3813,99,false,0,3
3814,99,false,0,3
3815,99,false,0,4
3816,99,false,0,4
3817,99,false,0,4
3818,99,false,0,3
3819,99,false,0,3
3820,99,false,0,3
3821,99,false,0,3
3822,99,false,0,3
3823,99,false,0,3
3824,99,false,0,3
3825,99,false,0,1
3826,99,false,0,1
3827,99,false,0,1
3828,99,false,0,1
3829,99,false,0,1
3830,99,false,0,1
3831,99,false,0,1
3832,99,false,0,1
3833,99,false,0,1
3834,99,false,0,1
3835,99,false,0,1
3836,99,false,0,1
3837,99,false,0,1
3838,99,false,0,1
3839,99,false,0,1
3840,99,false,0,1
3841,99,false,0,1
3842,99,false,0,1
3843,99,false,0,0
3844,99,false,0,0
3845,99,false,0,1
3846,99,false,0,1
3847,99,false,0,1
3848,99,false,0,1
3849,99,false,0,1
3850,99,false,0,1
3851,99,false,0,1
3852,99,false,0,1
3853,99,false,0,1
3854,99,false,0,1
3855,99,false,0,1
3856,99,false,0,1
3857,99,false,0,1
3858,99,false,0,1
3859,99,false,0,1
3860,99,false,0,1
3861,99,false,0,1
3862,99,false,0,1
3863,99,false,0,1
3864,99,false,0,1
3865,99,false,0,1
3866,99,false,0,1
3867,99,false,0,1
3868,99,false,0,1
3869,99,false,0,1
3870,99,false,0,1
3871,99,false,0,1
3872,99,false,0,1
3873,99,false,0,1
3874,99,false,0,1
3875,99,false,0,1
3876,99,false,0,1
3877,99,false,0,2
3878,99,false,0,2
3879,99,false,0,2
3880,99,false,0,2
3881,99,false,0,2
3882,99,false,0,3
3883,99,false,0,3
3884,99,false,0,3
3885,99,false,0,3
3886,99,false,0,3
3887,99,false,0,3
3888,99,false,0,3
3889,99,false,0,3
3890,99,false,0,3
3891,99,false,0,3
3892,99,false,0,3
3893,99,false,0,3
3894,99,false,0,3
3895,99,false,0,1
3896,99,false,0,1
3897,99,false,0,1
3898,99,false,0,1
3899,99,false,0,1
3900,99,false,0,1
3901,99,false,0,1
3902,99,false,0,1
3903,99,false,0,2
3904,99,false,0,2
3905,99,false,0,2
3906,99,false,0,2
3907,99,false,0,2
3908,99,false,0,2
3909,99,false,0,3
3910,99,false,0,3
3911,99,false,0,4
3912,99,false,0,4
3913,99,false,0,4
3914,99,false,0,4
3915,99,false,0,4
3916,99,false,0,4
3917,99,false,0,4
3918,99,false,0,4
3919,99,false,0,4
3920,99,false,0,4
3921,99,false,0,4
3922,99,false,0,4
3923,99,false,0,2
3924,99,false,0,2
3925,99,false,0,2
3926,99,false,0,2
3927,99,false,0,2
3928,99,false,0,1
3929,99,false,0,2
3930,99,false,0,2
3931,99,false,0,2
3932,99,false,0,2
3933,99,false,0,2
3934,99,false,0,2
3935,99,false,0,2
3936,99,false,0,2
3937,99,false,0,2
3938,99,false,0,2
3939,99,false,0,4
3940,99,false,0,4
3941,99,false,0,4
3942,99,false,0,4
3943,99,false,0,3
3944,99,false,0,4
3945,99,false,0,4
3946,99,false,0,4
3947,99,false,0,4
3948,99,false,0,4
3949,99,false,0,6
3950,99,false,0,6
3951,99,false,0,6
3952,99,false,0,6
3953,99,false,0,6
3954,99,false,0,6
3955,99,false,0,6
3956,99,false,0,6
3957,99,false,0,6
3958,99,false,0,5
3959,99,false,0,4
3960,99,false,0,3
3961,99,false,0,3
3962,99,false,0,2
3963,99,false,0,2
3964,99,false,0,2
3965,99,false,0,2
3966,99,false,0,2
3967,99,false,0,2
3968,99,false,0,2
3969,99,false,0,3
3970,99,false,0,3
3971,99,false,0,4
3972,99,false,0,4
3973,99,false,0,5
3974,99,false,0,6
3975,99,false,0,6
3976,99,false,0,5
3977,99,false,0,4
3978,99,false,0,4
3979,99,false,0,4
3980,99,false,0,3
3981,99,false,0,3
3982,99,false,0,3
3983,99,false,0,3
3984,99,false,0,3
3985,99,false,0,3
3986,99,false,0,3
3987,99,false,0,3
3988,99,false,0,3
3989,99,false,0,3
3990,99,false,0,3
3991,99,false,0,3
3992,99,false,0,3
3993,99,false,0,2
3994,99,false,0,2
3995,99,false,0,2
3996,99,false,0,2
3997,99,false,0,1
3998,99,false,0,1
3999,99,false,0,1
4000,99,false,0,1
4001,99,false,0,1
4002,99,false,0,1
4003,99,false,0,1
4004,99,false,0,1
4005,99,false,0,1
4006,99,false,0,1
4007,99,false,0,1
4008,99,false,0,1
4009,99,false,0,1
4010,99,false,0,1
4011,99,false,0,1
4012,99,false,0,0
4013,99,false,0,0
4014,99,false,0,0
4015,99,false,0,0
4016,99,false,0,0
4017,99,false,0,0
4018,99,false,0,0
4019,99,false,0,0
4020,99,false,0,1
4021,99,false,0,1
4022,99,false,0,1
4023,99,false,0,1
4024,99,false,0,1
4025,99,false,0,1
4026,99,false,0,2
4027,99,false,0,2
4028,99,false,0,2
4029,99,false,0,2
4030,99,false,0,2
4031,99,false,0,2
4032,99,false,0,2
4033,99,false,0,2
4034,99,false,0,2
4035,99,false,0,1
4036,99,false,0,1
4037,99,false,0,1
4038,99,false,0,0
4039,99,false,0,0
4040,99,false,0,0
4041,99,false,0,0
4042,99,false,0,0
4043,99,false,0,1
4044,99,false,0,1
4045,99,false,0,1
4046,99,false,0,2
4047,99,false,0,2
4048,99,false,0,2
4049,99,false,0,2
4050,99,false,0,2
4051,99,false,0,2
4052,99,false,0,2
4053,99,false,0,2
4054,99,false,0,1
4055,99,false,0,1
4056,99,false,0,1
4057,99,false,0,1
4058,99,false,0,1
4059,99,false,0,1
4060,99,false,0,1
4061,99,false,0,1
4062,99,false,0,1
4063,99,false,0,1
4064,99,false,0,2
4065,99,false,0,2
4066,99,false,0,3
4067,99,false,0,3
4068,99,false,0,3
4069,99,false,0,2
4070,99,false,0,2
4071,99,false,0,2
4072,99,false,0,2
4073,99,false,0,2
4074,99,false,0,2
4075,99,false,0,1
4076,99,false,0,1
4077,99,false,0,1
4078,99,false,0,1
4079,99,false,0,1
4080,99,false,0,1
4081,99,false,0,1
4082,99,false,0,1
4083,99,false,0,1
4084,99,false,0,1
4085,99,false,0,1
4086,99,false,0,1
4087,99,false,0,1
4088,99,false,0,1
4089,99,false,0,1
4090,99,false,0,1
4091,99,false,0,1
4092,99,false,0,1
4093,99,false,0,0
4094,99,false,0,0
4095,99,false,0,0
4096,99,false,0,0
4097,99,false,0,0
4098,99,false,0,0
4099,99,false,0,0
4100,99,false,0,0
4101,99,false,0,0
4102,99,false,0,0
4103,99,false,0,0
4104,99,false,0,0
4105,99,false,0,0
4106,99,false,0,0
4107,99,false,0,0
4108,99,false,0,0
4109,99,false,0,0
4110,99,false,0,0
4111,99,false,0,0
4112,99,false,0,0
4113,99,false,0,0
4114,99,false,0,0
4115,99,false,0,0
4116,99,false,0,0
4117,99,false,0,0
4118,99,false,0,0
4119,99,false,0,0
4120,99,false,0,0
4121,99,false,0,0
4122,99,false,0,0
4123,99,false,0,0
4124,99,false,0,0
4125,99,false,0,0
4126,99,false,0,0
4127,99,false,0,0
4128,99,false,0,0
4129,99,false,0,0
4130,99,false,0,0
4131,99,false,0,0
4132,99,false,0,0
4133,99,false,0,0
4134,99,false,0,0
4135,99,false,0,0
4136,99,false,0,0
4137,99,false,0,0
4138,99,false,0,0
4139,99,false,0,0
4140,99,false,0,1
4141,99,false,0,1
4142,99,false,0,1
4143,99,false,0,2
4144,99,false,0,2
4145,99,false,0,2
4146,99,false,0,2
4147,99,false,0,2
4148,99,false,0,2
4149,99,false,0,2
4150,99,false,0,2
4151,99,false,0,2
4152,99,false,0,2
4153,99,false,0,2
4154,99,false,0,2
4155,99,false,0,1
4156,99,false,0,1
4157,99,false,0,1
4158,99,false,0,1
4159,99,false,0,1
4160,99,false,0,1
4161,99,false,0,1
4162,99,false,0,1
4163,99,false,0,1
4164,99,false,0,1
4165,99,false,0,1
4166,99,false,0,1
4167,99,false,0,1
4168,99,false,0,1
4169,99,false,0,1
4170,99,false,0,1
4171,99,false,0,2
4172,99,false,0,2
4173,99,false,0,2
4174,99,false,0,1
4175,99,false,0,1
4176,99,false,0,1
4177,99,false,0,1
4178,99,false,0,1
4179,99,false,0,1
4180,99,false,0,1
4181,99,false,0,1
4182,99,false,0,2
4183,99,false,0,2
4184,99,false,0,2
4185,99,false,0,3
4186,99,false,0,3
4187,99,false,0,3
4188,99,false,0,3
4189,99,false,0,3
4190,99,false,0,3
4191,99,false,0,3
4192,99,false,0,3
4193,99,false,0,2
4194,99,false,0,2
4195,99,false,0,2
4196,99,false,0,2
4197,99,false,0,2
4198,99,false,0,2
4199,99,false,0,2
4200,99,false,0,3
4201,99,false,0,3
4202,99,false,0,3
4203,99,false,0,3
4204,99,false,0,3
4205,99,false,0,3
4206,99,false,0,2
4207,99,false,0,2
4208,99,false,0,2
4209,99,false,0,2
4210,99,false,0,3
4211,99,false,0,3
4212,99,false,0,3
4213,99,false,0,3
4214,99,false,0,3
4215,99,false,0,3
4216,99,false,0,4
4217,99,false,0,5
4218,99,false,0,5
4219,99,false,0,5
4220,99,false,0,4
4221,99,false,0,3
4222,99,false,0,2
4223,99,false,0,2
4224,99,false,0,1
4225,99,false,0,1
4226,99,false,0,1
4227,99,false,0,1
4228,99,false,0,1
4229,99,false,0,1
4230,99,false,0,1
4231,99,false,0,2
4232,99,false,0,2
4233,99,false,0,2
4234,99,false,0,2
4235,99,false,0,3
4236,99,false,0,3
4237,99,false,0,3
4238,99,false,0,3
4239,99,false,0,3
4240,99,false,0,3
4241,99,false,0,3
4242,99,false,0,3
4243,99,false,0,4
4244,99,false,0,3
4245,99,false,0,3
4246,99,false,0,3
4247,99,false,0,3
4248,99,false,0,3
4249,99,false,0,3
4250,99,false,0,2
4251,99,false,0,2
4252,99,false,0,3
4253,99,false,0,3
4254,99,false,0,3
4255,99,false,0,3
4256,99,false,0,3
4257,99,false,0,2
4258,99,false,0,2
4259,99,false,0,2
4260,99,false,0,2
4261,99,false,0,2
4262,99,false,0,2
4263,99,false,0,2
4264,99,false,0,2
4265,99,false,0,1
4266,99,false,0,1
4267,99,false,0,0
4268,99,false,0,0
4269,99,false,0,0
4270,99,false,0,0
4271,99,false,0,0
4272,99,false,0,0
4273,99,false,0,0
4274,99,false,0,0
4275,99,false,0,0
4276,99,false,0,0
4277,99,false,0,0
4278,99,false,0,0
4279,99,false,0,0
4280,99,false,0,0
4281,99,false,0,0
4282,99,false,0,1
4283,99,false,0,1
4284,99,false,0,2
4285,99,false,0,2
4286,99,false,0,2
4287,99,false,0,2
4288,99,false,0,1
4289,99,false,0,1
4290,99,false,0,2
4291,99,false,0,2
4292,99,false,0,1
4293,99,false,0,1
4294,99,false,0,0
4295,99,false,0,0
4296,99,false,0,0
4297,99,false,0,0
4298,99,false,0,0
4299,99,false,0,0
4300,99,false,0,0
4301,99,false,0,0
4302,99,false,0,0
4303,99,false,0,0
4304,99,false,0,0
4305,99,false,0,1
4306,99,false,0,1
4307,99,false,0,1
4308,99,false,0,1
4309,99,false,0,1
4310,99,false,0,1
4311,99,false,0,1
4312,99,false,0,1
4313,99,false,0,1
4314,99,false,0,1
4315,99,false,0,0
4316,99,false,0,0
4317,99,false,0,0
4318,99,false,0,0
4319,99,false,0,0
4320,99,false,0,0
4321,99,false,0,0
4322,99,false,0,1
4323,99,false,0,1
4324,99,false,0,1
4325,99,false,0,1
4326,99,false,0,1
4327,99,false,0,1
4328,99,false,0,1
4329,99,false,0,0
4330,99,false,0,0
4331,99,false,0,0
4332,99,false,0,0
4333,99,false,0,0
4334,99,false,0,1
4335,99,false,0,1
4336,99,false,0,1
4337,99,false,0,1
4338,99,false,0,1
4339,99,false,0,1
4340,99,false,0,1
4341,99,false,0,1
4342,99,false,0,1
4343,99,false,0,2
4344,99,false,0,2
4345,99,false,0,2
4346,99,false,0,2
4347,99,false,0,2
4348,99,false,0,2
4349,99,false,0,2
4350,99,false,0,2
4351,99,false,0,2
4352,99,false,0,2
4353,99,false,0,2
4354,99,false,0,3
4355,99,false,0,3
4356,99,false,0,2
4357,99,false,0,2
4358,99,false,0,2
4359,99,false,0,1
4360,99,false,0,1
4361,99,false,0,1
4362,99,false,0,1
4363,99,false,0,1
4364,99,false,0,2
4365,99,false,0,2
4366,99,false,0,3
4367,99,false,0,2
4368,99,false,0,2
4369,99,false,0,2
4370,99,false,0,2
4371,99,false,0,2
4372,99,false,0,2
4373,99,false,0,2
4374,99,false,0,2
4375,99,false,0,1
4376,99,false,0,2
4377,99,false,0,2
4378,99,false,0,2
4379,99,false,0,2
4380,99,false,0,2
4381,99,false,0,2
4382,99,false,0,2
4383,99,false,0,2
4384,99,false,0,2
4385,99,false,0,2
4386,99,false,0,2
4387,99,false,0,1
4388,99,false,0,1
4389,99,false,0,1
4390,99,false,0,2
4391,99,false,0,2
4392,99,false,0,2
4393,99,false,0,2
4394,99,false,0,2
4395,99,false,0,3
4396,99,false,0,3
4397,99,false,0,3
4398,99,false,0,3
4399,99,false,0,2
4400,99,false,0,2
4401,99,false,0,2
4402,99,false,0,2
4403,99,false,0,0
4404,99,false,0,0
4405,99,false,0,0
4406,99,false,0,0
4407,99,false,0,0
4408,99,false,0,0
4409,99,false,0,2
4410,99,false,0,2
4411,99,false,0,2
4412,99,false,0,2
4413,99,false,0,3
4414,99,false,0,3
4415,99,false,0,3
4416,99,false,0,3
4417,99,false,0,3
4418,99,false,0,3
4419,99,false,0,3
4420,99,false,0,3
4421,99,false,0,3
4422,99,false,0,3
4423,99,false,0,3
4424,99,false,0,4
4425,99,false,0,4
4426,99,false,0,4
4427,99,false,0,4
4428,99,false,0,4
4429,99,false,0,4
4430,99,false,0,4
4431,99,false,0,4
4432,99,false,0,4
4433,99,false,0,4
4434,99,false,0,4
4435,99,false,0,4
4436,99,false,0,4
4437,99,false,0,3
4438,99,false,0,3
4439,99,false,0,3
4440,99,false,0,3
4441,99,false,0,3
4442,99,false,0,3
4443,99,false,0,1
4444,99,false,0,1
4445,99,false,0,1
4446,99,false,0,1
4447,99,false,0,1
4448,99,false,0,1
4449,99,false,0,1
4450,99,false,0,1
4451,99,false,0,0
4452,99,false,0,0
4453,99,false,0,0
4454,99,false,0,0
4455,99,false,0,0
4456,99,false,0,0
4457,99,false,0,0
4458,99,false,0,0
4459,99,false,0,1
4460,99,false,0,1
4461,99,false,0,2
4462,99,false,0,1
4463,99,false,0,1
4464,99,false,0,1
4465,99,false,0,2
4466,99,false,0,1
4467,99,false,0,1
4468,99,false,0,1
4469,99,false,0,1
4470,99,false,0,1
4471,99,false,0,1
4472,99,false,0,2
4473,99,false,0,2
4474,99,false,0,2
4475,99,false,0,2
4476,99,false,0,1
4477,99,false,0,1
4478,99,false,0,1
4479,99,false,0,1
4480,99,false,0,1
4481,99,false,0,1
4482,99,false,0,1
4483,99,false,0,1
4484,99,false,0,1
4485,99,false,0,1
4486,99,false,0,1
4487,99,false,0,1
4488,99,false,0,2
4489,99,false,0,2
4490,99,false,0,2
4491,99,false,0,2
4492,99,false,0,3
4493,99,false,0,3
4494,99,false,0,3
4495,99,false,0,2
4496,99,false,0,2
4497,99,false,0,2
4498,99,false,0,2
4499,99,false,0,2
4500,99,false,0,2
4501,99,false,0,2
4502,99,false,0,2
4503,99,false,0,2
4504,99,false,0,2
4505,99,false,0,2
4506,99,false,0,2
4507,99,false,0,2
4508,99,false,0,2
4509,99,false,0,2
4510,99,false,0,2
4511,99,false,0,2
4512,99,false,0,2
4513,99,false,0,2
4514,99,false,0,2
4515,99,false,0,2
4516,99,false,0,2
4517,99,false,0,2
4518,99,false,0,1
4519,99,false,0,1
4520,99,false,0,1
4521,99,false,0,1
4522,99,false,0,1
4523,99,false,0,1
4524,99,false,0,1
4525,99,false,0,1
4526,99,false,0,1
4527,99,false,0,1
4528,99,false,0,1
4529,99,false,0,1
4530,99,false,0,1
4531,99,false,0,1
4532,99,false,0,1
4533,99,false,0,1
4534,99,false,0,1
4535,99,false,0,1
4536,99,false,0,1
4537,99,false,0,0
4538,99,false,0,0
4539,99,false,0,0
4540,99,false,0,0
4541,99,false,0,0
4542,99,false,0,0
4543,99,false,0,0
4544,99,false,0,0
4545,99,false,0,0
4546,99,false,0,0
4547,99,false,0,0
4548,99,false,0,0
4549,99,false,0,0
4550,99,false,0,0
4551,99,false,0,0
4552,99,false,0,0
4553,99,false,0,0
4554,99,false,0,0
4555,99,false,0,0
4556,99,false,0,0
4557,99,false,0,0
4558,99,false,0,0
4559,99,false,0,0
4560,99,false,0,0
4561,99,false,0,0
4562,99,false,0,0
4563,99,false,0,1
4564,99,false,0,1
4565,99,false,0,1
4566,99,false,0,1
4567,99,false,0,1
4568,99,false,0,1
4569,99,false,0,1
4570,99,false,0,0
4571,99,false,0,0
4572,99,false,0,0
4573,99,false,0,0
4574,99,false,0,0
4575,99,false,0,0
4576,99,false,0,0
4577,99,false,0,0
4578,99,false,0,0
4579,99,false,0,0
4580,99,false,0,0
4581,99,false,0,0
4582,99,false,0,0
4583,99,false,0,0
4584,99,false,0,0
4585,99,false,0,0
4586,99,false,0,0
4587,99,false,0,0
4588,99,false,0,0
4589,99,false,0,0
4590,99,false,0,0
4591,99,false,0,0
4592,99,false,0,0
4593,99,false,0,0
4594,99,false,0,0
4595,99,false,0,0
4596,99,false,0,0
4597,99,false,0,0
4598,99,false,0,0
4599,99,false,0,0
4600,99,false,0,0
4601,99,false,0,0
4602,99,false,0,1
4603,99,false,0,1
4604,99,false,0,1
4605,99,false,0,1
4606,99,false,0,2
4607,99,false,0,2
4608,99,false,0,1
4609,99,false,0,1
4610,99,false,0,2
4611,99,false,0,3
4612,99,false,0,3
4613,99,false,0,3
4614,99,false,0,3
4615,99,false,0,2
4616,99,false,0,2
4617,99,false,0,2
4618,99,false,0,2
4619,99,false,0,2
4620,99,false,0,3
4621,99,false,0,3
4622,99,false,0,3
4623,99,false,0,3
4624,99,false,0,3
4625,99,false,0,3
4626,99,false,0,3
4627,99,false,0,2
4628,99,false,0,2
4629,99,false,0,2
4630,99,false,0,1
4631,99,false,0,1
4632,99,false,0,1
4633,99,false,0,1
4634,99,false,0,2
4635,99,false,0,2
4636,99,false,0,2
4637,99,false,0,2
4638,99,false,0,2
4639,99,false,0,2
4640,99,false,0,3
4641,99,false,0,3
4642,99,false,0,3
4643,99,false,0,3
4644,99,false,0,3
4645,99,false,0,3
4646,99,false,0,3
4647,99,false,0,3
4648,99,false,0,3
4649,99,false,0,4
4650,99,false,0,4
4651,99,false,0,6
4652,99,false,0,4
4653,99,false,0,4
4654,99,false,0,4
4655,99,false,0,4
4656,99,false,0,4
4657,99,false,0,4
4658,99,false,0,4
4659,99,false,0,4
4660,99,false,0,4
4661,99,false,0,5
4662,99,false,0,4
4663,99,false,0,4
4664,99,false,0,4
4665,99,false,0,4
4666,99,false,0,4
4667,99,false,0,4
4668,99,false,0,4
4669,99,false,0,4
4670,99,false,0,5
4671,99,false,0,5
4672,99,false,0,5
4673,99,false,0,5
4674,99,false,0,5
4675,99,false,0,5
4676,99,false,0,5
4677,99,false,0,5
4678,99,false,0,5
4679,99,false,0,3
4680,99,false,0,3
4681,99,false,0,3
4682,99,false,0,3
4683,99,false,0,3
4684,99,false,0,3
4685,99,false,0,3
4686,99,false,0,3
4687,99,false,0,3
4688,99,false,0,4
4689,99,false,0,3
4690,99,false,0,3
4691,99,false,0,1
4692,99,false,0,1
4693,99,false,0,1
4694,99,false,0,2
4695,99,false,0,2
4696,99,false,0,2
4697,99,false,0,2
4698,99,false,0,3
4699,99,false,0,3
4700,99,false,0,3
4701,99,false,0,3
4702,99,false,0,3
4703,99,false,0,2
4704,99,false,0,2
4705,99,false,0,2
4706,99,false,0,2
4707,99,false,0,2
4708,99,false,0,1
4709,99,false,0,1
4710,99,false,0,1
4711,99,false,0,1
4712,99,false,0,1
4713,99,false,0,1
4714,99,false,0,1
4715,99,false,0,0
4716,99,false,0,0
4717,99,false,0,0
4718,99,false,0,0
4719,99,false,0,0
4720,99,false,0,0
4721,99,false,0,0
4722,99,false,0,0
4723,99,false,0,0
4724,99,false,0,0
4725,99,false,0,0
4726,99,false,0,0
4727,99,false,0,0
4728,99,false,0,0
4729,99,false,0,0
4730,99,false,0,0
4731,99,false,0,0
4732,99,false,0,1
4733,99,false,0,1
4734,99,false,0,1
4735,99,false,0,1
4736,99,false,0,1
4737,99,false,0,1
4738,99,false,0,1
4739,99,false,0,1
4740,99,false,0,0
4741,99,false,0,0
4742,99,false,0,0
4743,99,false,0,0
4744,99,false,0,1
4745,99,false,0,0
4746,99,false,0,0
4747,99,false,0,0
4748,99,false,0,0
4749,99,false,0,0
4750,99,false,0,0
4751,99,false,0,0
4752,99,false,0,0
4753,99,false,0,0
4754,99,false,0,0
4755,99,false,0,0
4756,99,false,0,0
4757,99,false,0,0
4758,99,false,0,0
4759,99,false,0,0
4760,99,false,0,0
4761,99,false,0,0
4762,99,false,0,0
4763,99,false,0,0
4764,99,false,0,0
4765,99,false,0,0
4766,99,false,0,0
4767,99,false,0,0
4768,99,false,0,0
4769,99,false,0,0
4770,99,false,0,0
4771,99,false,0,0
4772,99,false,0,0
4773,99,false,0,0
4774,99,false,0,0
4775,99,false,0,0
4776,99,false,0,0
4777,99,false,0,0
4778,99,false,0,0
4779,99,false,0,0
4780,99,false,0,0
4781,99,false,0,0
4782,99,false,0,0
4783,99,false,0,1
4784,99,false,0,1
4785,99,false,0,1
4786,99,false,0,1
4787,99,false,0,2
4788,99,false,0,1
4789,99,false,0,1
4790,99,false,0,1
4791,99,false,0,1
4792,99,false,0,1
4793,99,false,0,2
4794,99,false,0,2
4795,99,false,0,2
4796,99,false,0,2
4797,99,false,0,2
4798,99,false,0,2
4799,99,false,0,0
4800,99,false,0,0
4801,99,false,0,0
4802,99,false,0,0
4803,99,false,0,0
4804,99,false,0,0
4805,99,false,0,0
4806,99,false,0,0
4807,99,false,0,0
4808,99,false,0,0
4809,99,false,0,1
4810,99,false,0,2
4811,99,false,0,2
4812,99,false,0,1
4813,99,false,0,1
4814,99,false,0,1
4815,99,false,0,1
4816,99,false,0,1
4817,99,false,0,1
4818,99,false,0,1
4819,99,false,0,1
4820,99,false,0,1
4821,99,false,0,1
4822,99,false,0,2
4823,99,false,0,2
4824,99,false,0,2
4825,99,false,0,2
4826,99,false,0,2
4827,99,false,0,1
4828,99,false,0,1
4829,99,false,0,2
4830,99,false,0,2
4831,99,false,0,2
4832,99,false,0,2
4833,99,false,0,2
4834,99,false,0,2
4835,99,false,0,1
4836,99,false,0,1
4837,99,false,0,1
4838,99,false,0,1
4839,99,false,0,1
4840,99,false,0,1
4841,99,false,0,1
4842,99,false,0,1
4843,99,false,0,1
4844,99,false,0,2
4845,99,false,0,2
4846,99,false,0,2
4847,99,false,0,2
4848,99,false,0,2
4849,99,false,0,1
4850,99,false,0,1
4851,99,false,0,0
4852,99,false,0,0
4853,99,false,0,0
4854,99,false,0,0
4855,99,false,0,0
4856,99,false,0,0
4857,99,false,0,0
4858,99,false,0,0
4859,99,false,0,0
4860,99,false,0,0
4861,99,false,0,0
4862,99,false,0,0
4863,99,false,0,0
4864,99,false,0,1
4865,99,false,0,1
4866,99,false,0,1
4867,99,false,0,2
4868,99,false,0,2
4869,99,false,0,1
4870,99,false,0,1
4871,99,false,0,1
4872,99,false,0,1
4873,99,false,0,1
4874,99,false,0,1
4875,99,false,0,1
4876,99,false,0,1
4877,99,false,0,2
4878,99,false,0,2
4879,99,false,0,2
4880,99,false,0,2
4881,99,false,0,2
4882,99,false,0,2
4883,99,false,0,2
4884,99,false,0,1
4885,99,false,0,1
4886,99,false,0,0
4887,99,false,0,0
4888,99,false,0,0
4889,99,false,0,0
4890,99,false,0,0
4891,99,false,0,0
4892,99,false,0,0
4893,99,false,0,0
4894,99,false,0,0
4895,99,false,0,0
4896,99,false,0,0
4897,99,false,0,0
4898,99,false,0,0
4899,99,false,0,0
4900,99,false,0,0
4901,99,false,0,0
4902,99,false,0,0
4903,99,false,0,0
4904,99,false,0,0
4905,99,false,0,0
4906,99,false,0,0
4907,99,false,0,0
4908,99,false,0,1
4909,99,false,0,1
4910,99,false,0,1
4911,99,false,0,1
4912,99,false,0,1
4913,99,false,0,1
4914,99,false,0,1
4915,99,false,0,1
4916,99,false,0,1
4917,99,false,0,1
4918,99,false,0,1
4919,99,false,0,1
4920,99,false,0,1
4921,99,false,0,1
4922,99,false,0,1
4923,99,false,0,1
4924,99,false,0,1
4925,99,false,0,1
4926,99,false,0,1
4927,99,false,0,1
4928,99,false,0,0
4929,99,false,0,0
4930,99,false,0,0
4931,99,false,0,0
4932,99,false,0,0
4933,99,false,0,0
4934,99,false,0,0
4935,99,false,0,0
4936,99,false,0,0
4937,99,false,0,0
4938,99,false,0,0
4939,99,false,0,0
4940,99,false,0,0
4941,99,false,0,1
4942,99,false,0,2
4943,99,false,0,2
4944,99,false,0,2
4945,99,false,0,2
4946,99,false,0,2
4947,99,false,0,2
4948,99,false,0,3
4949,99,false,0,4
4950,99,false,0,5
4951,99,false,0,5
4952,99,false,0,5
4953,99,false,0,5
4954,99,false,0,5
4955,99,false,0,3
4956,99,false,0,3
4957,99,false,0,3
4958,99,false,0,3
4959,99,false,0,6
4960,99,false,0,6
4961,99,false,0,5
4962,99,false,0,5
4963,99,false,0,5
4964,99,false,0,5
4965,99,false,0,5
4966,99,false,0,5
4967,99,false,0,5
4968,99,false,0,5
4969,99,false,0,5
4970,99,false,0,4
4971,99,false,0,4
4972,99,false,0,4
4973,99,false,0,4
4974,99,false,0,3
4975,99,false,0,3
4976,99,false,0,3
4977,99,false,0,2
4978,99,false,0,2
4979,99,false,0,3
4980,99,false,0,3
4981,99,false,0,3
4982,99,false,0,3
4983,99,false,0,3
4984,99,false,0,2
4985,99,false,0,2
4986,99,false,0,2
4987,99,false,0,2
4988,99,false,0,2
4989,99,false,0,2
4990,99,false,0,2
4991,99,false,0,2
4992,99,false,0,2
4993,99,false,0,2
4994,99,false,0,2
4995,99,false,0,2
4996,99,false,0,2
4997,99,false,0,2
4998,99,false,0,2
4999,99,false,0,2
5000,99,false,0,3
